epoch,loss_total,loss_id,loss_deg,loss_adv,grl_lambda,lr,val_eer,val_auc,epoch_time_sec
18,7.2543134689331055,3.701170325279236,0.008538380265235901,3.5446048021316527,0.7162978701990246,9.22163962751008e-05,0.1391391391391391,0.9546483420357295,96.59459447860718
1,14.639374351501464,4.3706118106842045,0.2694835960865021,3.5316725730895997,0.197375320224904,9.96057350657239e-05,0.13113113113113112,0.945570194819444,93.25925850868225
2,10.082992839813233,4.182272148132324,0.09506335034966469,3.5241370677947996,0.379948962255225,9.842915805643155e-05,0.11711711711711711,0.9584058533007482,58.96013140678406
3,8.716238021850586,4.030992603302002,0.04670190196484327,3.5176979064941407,0.5370495669980351,9.648882429441257e-05,0.14114114114114115,0.9500491482473465,58.392109870910645
4,8.449125385284423,3.981032705307007,0.03829488698393106,3.5107205629348757,0.6640367702678489,9.381533400219318e-05,0.13913913913913914,0.9469770070370671,59.102957010269165
5,8.30203161239624,3.908776783943176,0.0355289475992322,3.505031132698059,0.7615941559557646,9.045084971874738e-05,0.14014014014014015,0.9421162904646387,48.17557740211487
6,8.221918821334839,3.8587841510772707,0.0344968406483531,3.500713658332825,0.8336546070121553,8.644843137107059e-05,0.13913913913913914,0.9330772213655096,46.9112708568573
7,8.083572006225586,3.8744160413742064,0.028488736413419247,3.496937465667725,0.8853516482022625,8.18711994874345e-05,0.15815815815815815,0.9491713936158381,47.68964409828186
8,8.044303750991821,3.860765051841736,0.02758364174515009,3.4939475297927856,0.9216685544064713,7.679133974894983e-05,0.14814814814814814,0.9271132994856719,46.65818405151367
9,7.911119508743286,3.7890473365783692,0.025246953405439854,3.490898299217224,0.9468060128462681,7.128896457825363e-05,0.14114114114114118,0.942579215852489,50.350608825683594
10,7.866861486434937,3.7770999670028687,0.024069434963166714,3.488025689125061,0.9640275800758169,6.545084971874737e-05,0.15315315315315314,0.9494329163998834,52.588677167892456
11,7.8357383728027346,3.7697476863861086,0.02320878263562918,3.4857710361480714,0.9757431300314514,5.936906572928624e-05,0.14714714714714716,0.9437936434933432,59.802515506744385
12,7.826158952713013,3.753935766220093,0.02353479918092489,3.48385329246521,0.9836748576936802,5.313952597646568e-05,0.16216216216216217,0.9481854226598971,51.58984923362732
13,7.803851985931397,3.739967608451843,0.023274988681077958,3.4820096254348756,0.989027402201099,4.6860474023534335e-05,0.1611611611611612,0.9480802123444765,47.76899576187134
14,7.708624362945557,3.68778600692749,0.021634468156844378,3.4799765825271605,0.9926315202011282,4.0630934270713774e-05,0.15415415415415412,0.946793640487334,46.218820095062256
15,7.739125776290893,3.7083709478378295,0.02210074309259653,3.4782362461090086,0.9950547536867307,3.454915028125265e-05,0.16516516516516516,0.9474429384339293,46.541025161743164
16,7.71380877494812,3.7001437664031984,0.021478616073727606,3.4766995429992678,0.9966823978396511,2.871103542174637e-05,0.16516516516516522,0.9466794121448775,47.56369590759277
17,7.708133172988892,3.721887159347534,0.020427975803613663,3.475546646118164,0.9977749279342796,2.3208660251050158e-05,0.14814814814814814,0.9456393330267203,50.449174642562866
