true_cell_id,predicted_cell_id,correct,similarity_score
B0006,B0006,True,0.9999954104423523
B0006,B0006,True,0.9999949932098389
B0006,B0006,True,0.9999971985816956
B0006,B0006,True,0.9999985098838806
B0006,B0006,True,0.9999925494194031
B0006,B0006,True,0.999992311000824
B0006,B0006,True,0.999994158744812
B0006,B0006,True,0.9999971985816956
B0006,B0006,True,0.9999914169311523
B0006,B0006,True,0.9999799132347107
B0006,B0006,True,0.9999599456787109
B0006,B0006,True,0.9999979138374329
B0006,B0006,True,0.9999972581863403
B0006,B0006,True,0.9999843835830688
B0006,B0006,True,0.9999515414237976
B0006,B0006,True,0.999904990196228
B0006,B0006,True,0.9999321699142456
B0006,B0006,True,0.9999359250068665
B0006,B0006,True,0.9999447464942932
B0006,B0006,True,0.9997903108596802
B0006,B0006,True,0.9999574422836304
B0006,B0006,True,0.999810516834259
B0006,B0006,True,0.9995960593223572
B0006,B0006,True,0.9995397925376892
B0006,B0006,True,0.9994334578514099
B0006,B0006,True,0.9994120001792908
B0006,B0006,True,0.9993463754653931
B0006,B0006,True,0.9993701577186584
B0006,B0006,True,0.9994319081306458
B0006,B0006,True,0.9994058012962341
B0006,B0006,True,0.9994128942489624
B0006,B0006,True,0.9996349215507507
B0006,B0006,True,0.9995005130767822
B0006,B0006,True,0.9991464614868164
B0006,B0006,True,0.9990198016166687
B0006,B0006,True,0.9995312094688416
B0006,B0006,True,0.9992973804473877
B0006,B0006,True,0.9991399049758911
B0006,B0006,True,0.9989467859268188
B0006,B0006,True,0.9991793036460876
B0006,B0006,True,0.9993698596954346
B0006,B0007,False,0.999515175819397
B0006,B0006,True,0.9994028210639954
B0006,B0006,True,0.9994516968727112
B0006,B0006,True,0.99897700548172
B0006,B0006,True,0.9987660050392151
B0006,B0007,False,0.9987659454345703
B0006,B0007,False,0.9992530345916748
B0006,B0006,True,0.9996569752693176
B0006,B0006,True,0.9997765421867371
B0006,B0006,True,0.9995829463005066
B0006,B0006,True,0.9993249177932739
B0006,B0007,False,0.9995375275611877
B0006,B0007,False,0.9997447729110718
B0006,B0007,False,0.9995924234390259
B0006,B0007,False,0.9995076060295105
B0006,B0007,False,0.9993981719017029
B0006,B0007,False,0.9992383122444153
B0006,B0007,False,0.9992429614067078
B0006,B0007,False,0.9989017248153687
B0006,B0007,False,0.9986305832862854
B0006,B0007,False,0.9982594847679138
B0006,B0007,False,0.9981504082679749
B0006,B0007,False,0.9982621073722839
B0006,B0007,False,0.9980790615081787
B0006,B0007,False,0.9975859522819519
B0006,B0007,False,0.9975066184997559
B0006,B0007,False,0.9972745776176453
B0006,B0007,False,0.9967151880264282
B0006,B0007,False,0.9963568449020386
B0006,B0007,False,0.9966095685958862
B0006,B0007,False,0.9961743950843811
B0006,B0007,False,0.9958065152168274
B0006,B0007,False,0.9956145882606506
B0006,B0007,False,0.9954565167427063
B0006,B0007,False,0.9951124787330627
B0006,B0007,False,0.9945639371871948
B0006,B0007,False,0.9964274168014526
B0006,B0007,False,0.9958659410476685
B0006,B0007,False,0.9948936104774475
B0006,B0007,False,0.9939966797828674
B0006,B0007,False,0.993181586265564
B0006,B0007,False,0.9925308227539062
B0006,B0007,False,0.9923169016838074
B0006,B0007,False,0.9925170540809631
B0006,B0007,False,0.9927480220794678
B0006,B0007,False,0.9921135902404785
B0006,B0007,False,0.9911802411079407
B0006,B0007,False,0.9909996390342712
B0006,B0007,False,0.9974742531776428
B0006,B0007,False,0.9975681900978088
B0006,B0007,False,0.996099054813385
B0006,B0007,False,0.9954165816307068
B0006,B0007,False,0.9953214526176453
B0006,B0007,False,0.9943586587905884
B0006,B0007,False,0.994024932384491
B0006,B0007,False,0.9934836030006409
B0006,B0007,False,0.9924206137657166
B0006,B0007,False,0.9921725392341614
B0006,B0007,False,0.991756021976471
B0006,B0007,False,0.9915429353713989
B0006,B0007,False,0.9914888143539429
B0006,B0007,False,0.9903290271759033
B0006,B0007,False,0.9918829202651978
B0006,B0007,False,0.9904200434684753
B0006,B0007,False,0.9900102615356445
B0006,B0007,False,0.9907858967781067
B0006,B0007,False,0.9891145825386047
B0006,B0007,False,0.9882718324661255
B0006,B0007,False,0.9875074028968811
B0006,B0007,False,0.9878153800964355
B0006,B0007,False,0.9881023168563843
B0006,B0007,False,0.9859771132469177
B0006,B0007,False,0.985191822052002
B0006,B0007,False,0.985542356967926
B0006,B0007,False,0.9857537150382996
B0006,B0007,False,0.9861873388290405
B0006,B0007,False,0.985597550868988
B0006,B0007,False,0.9837290644645691
B0006,B0007,False,0.987341582775116
B0006,B0007,False,0.9885686635971069
B0006,B0007,False,0.9873567223548889
B0006,B0007,False,0.9877638220787048
B0006,B0007,False,0.9872786402702332
B0006,B0007,False,0.9865149855613708
B0006,B0007,False,0.9864500761032104
B0006,B0007,False,0.9861699938774109
B0006,B0007,False,0.9855589866638184
B0006,B0007,False,0.9852728843688965
B0006,B0007,False,0.9850028157234192
B0006,B0007,False,0.9848679900169373
B0006,B0007,False,0.9848858118057251
B0006,B0007,False,0.9840914607048035
B0006,B0007,False,0.9871442317962646
B0006,B0007,False,0.9862689971923828
B0006,B0007,False,0.985878050327301
B0006,B0007,False,0.9855724573135376
B0006,B0007,False,0.9839341044425964
B0006,B0007,False,0.9834303855895996
B0006,B0007,False,0.9837003350257874
B0006,B0007,False,0.9842738509178162
B0006,B0007,False,0.9837467074394226
B0006,B0007,False,0.9825010299682617
B0006,B0007,False,0.9823277592658997
B0006,B0007,False,0.982204258441925
B0006,B0007,False,0.9827808737754822
B0006,B0007,False,0.9823647737503052
B0006,B0007,False,0.9809996485710144
B0006,B0007,False,0.9810892343521118
B0006,B0007,False,0.9815325140953064
B0006,B0007,False,0.9829004406929016
B0006,B0007,False,0.9797359108924866
B0006,B0007,False,0.9790976643562317
B0006,B0007,False,0.9768943190574646
B0006,B0007,False,0.9764177799224854
B0006,B0007,False,0.9750067591667175
B0006,B0007,False,0.9742374420166016
B0006,B0007,False,0.974034309387207
B0006,B0007,False,0.9736642837524414
B0006,B0007,False,0.9715416431427002
B0006,B0007,False,0.9712638854980469
B0006,B0007,False,0.970695972442627
B0006,B0007,False,0.9695746898651123
B0006,B0007,False,0.9666997194290161
B0006,B0007,False,0.9679803848266602
B0006,B0007,False,0.9666740298271179
B0006,B0007,False,0.9701226353645325
B0006,B0007,False,0.9700132608413696
B0007,B0007,True,0.9999669790267944
B0007,B0007,True,0.999965488910675
B0007,B0007,True,0.9999951124191284
B0007,B0007,True,0.9999747276306152
B0007,B0007,True,0.9999635815620422
B0007,B0007,True,0.9999867677688599
B0007,B0007,True,0.9999845027923584
B0007,B0007,True,0.9997299909591675
B0007,B0006,False,0.9996455907821655
B0007,B0006,False,0.9996590614318848
B0007,B0006,False,0.9997621178627014
B0007,B0006,False,0.9997469782829285
B0007,B0006,False,0.9998321533203125
B0007,B0006,False,0.9998474717140198
B0007,B0006,False,0.9998847842216492
B0007,B0006,False,0.9999073147773743
B0007,B0006,False,0.9999092221260071
B0007,B0006,False,0.9999327659606934
B0007,B0006,False,0.9999273419380188
B0007,B0007,True,0.9996994137763977
B0007,B0006,False,0.9996212124824524
B0007,B0006,False,0.9997896552085876
B0007,B0006,False,0.9998549222946167
B0007,B0006,False,0.9997513890266418
B0007,B0006,False,0.999790370464325
B0007,B0006,False,0.9997141361236572
B0007,B0006,False,0.9996773600578308
B0007,B0006,False,0.9996232986450195
B0007,B0006,False,0.9996322989463806
B0007,B0006,False,0.9996627569198608
B0007,B0006,False,0.9998169541358948
B0007,B0006,False,0.9998815655708313
B0007,B0006,False,0.9997517466545105
B0007,B0006,False,0.9994378685951233
B0007,B0006,False,0.9993731379508972
B0007,B0006,False,0.9997987151145935
B0007,B0006,False,0.9995905160903931
B0007,B0006,False,0.9994506239891052
B0007,B0006,False,0.9992675185203552
B0007,B0006,False,0.9995056986808777
B0007,B0006,False,0.9998488426208496
B0007,B0006,False,0.9999192953109741
B0007,B0006,False,0.9997933506965637
B0007,B0006,False,0.9995288848876953
B0007,B0006,False,0.999198317527771
B0007,B0006,False,0.99916672706604
B0007,B0006,False,0.9991912245750427
B0007,B0007,True,0.9989948272705078
B0007,B0006,False,0.9996823668479919
B0007,B0006,False,0.9999710917472839
B0007,B0006,False,0.9999312162399292
B0007,B0006,False,0.9998452663421631
B0007,B0006,False,0.9998748302459717
B0007,B0006,False,0.9999017119407654
B0007,B0006,False,0.9998522996902466
B0007,B0006,False,0.9998024106025696
B0007,B0006,False,0.9997771978378296
B0007,B0006,False,0.9998461008071899
B0007,B0006,False,0.9998356699943542
B0007,B0006,False,0.9998006820678711
B0007,B0006,False,0.9998037219047546
B0007,B0006,False,0.9996930956840515
B0007,B0006,False,0.9997372627258301
B0007,B0006,False,0.9997333288192749
B0007,B0006,False,0.9996955394744873
B0007,B0006,False,0.9996886253356934
B0007,B0006,False,0.9996834397315979
B0007,B0006,False,0.9996786713600159
B0007,B0006,False,0.9996218085289001
B0007,B0006,False,0.9996071457862854
B0007,B0006,False,0.999599814414978
B0007,B0007,True,0.9995918869972229
B0007,B0007,True,0.9996023178100586
B0007,B0007,True,0.9995983839035034
B0007,B0007,True,0.9995744228363037
B0007,B0007,True,0.9996850490570068
B0007,B0007,True,0.9995890259742737
B0007,B0007,True,0.9997173547744751
B0007,B0007,True,0.9995299577713013
B0007,B0007,True,0.9993939399719238
B0007,B0007,True,0.9995571970939636
B0007,B0007,True,0.9998120069503784
B0007,B0007,True,0.9998691082000732
B0007,B0007,True,0.999880313873291
B0007,B0007,True,0.9997466206550598
B0007,B0007,True,0.9995949268341064
B0007,B0007,True,0.9998108744621277
B0007,B0007,True,0.9998891353607178
B0007,B0007,True,0.999860942363739
B0007,B0007,True,0.9996377825737
B0007,B0007,True,0.9997760057449341
B0007,B0007,True,0.9997866749763489
B0007,B0007,True,0.9998639822006226
B0007,B0007,True,0.9998517036437988
B0007,B0007,True,0.9998279809951782
B0007,B0007,True,0.9998387694358826
B0007,B0007,True,0.9998803734779358
B0007,B0007,True,0.9998800754547119
B0007,B0007,True,0.999876081943512
B0007,B0007,True,0.9998859167098999
B0007,B0007,True,0.9998713731765747
B0007,B0007,True,0.9998687505722046
B0007,B0007,True,0.9998700022697449
B0007,B0007,True,0.9997280836105347
B0007,B0007,True,0.9997676014900208
B0007,B0007,True,0.9998278617858887
B0007,B0007,True,0.9998254179954529
B0007,B0007,True,0.9998353123664856
B0007,B0007,True,0.9997756481170654
B0007,B0007,True,0.9996942281723022
B0007,B0007,True,0.9997787475585938
B0007,B0007,True,0.9997996687889099
B0007,B0007,True,0.9997267127037048
B0007,B0007,True,0.9995721578598022
B0007,B0007,True,0.9996426105499268
B0007,B0007,True,0.9997209310531616
B0007,B0007,True,0.9997497797012329
B0007,B0007,True,0.9996684193611145
B0007,B0007,True,0.9994621276855469
B0007,B0007,True,0.9997227191925049
B0007,B0007,True,0.9996989369392395
B0007,B0007,True,0.9997833371162415
B0007,B0007,True,0.9997996091842651
B0007,B0007,True,0.9997870922088623
B0007,B0007,True,0.9997419714927673
B0007,B0007,True,0.9997676014900208
B0007,B0007,True,0.9997263550758362
B0007,B0007,True,0.9996840357780457
B0007,B0007,True,0.9996505975723267
B0007,B0007,True,0.9996628761291504
B0007,B0007,True,0.9996485710144043
B0007,B0007,True,0.9995942711830139
B0007,B0007,True,0.9996750354766846
B0007,B0007,True,0.9996983408927917
B0007,B0007,True,0.9996506571769714
B0007,B0007,True,0.9996063113212585
B0007,B0007,True,0.9995586276054382
B0007,B0007,True,0.9995759725570679
B0007,B0007,True,0.999489426612854
B0007,B0007,True,0.9995309710502625
B0007,B0007,True,0.9994917511940002
B0007,B0007,True,0.9994047284126282
B0007,B0007,True,0.9994123578071594
B0007,B0007,True,0.9994295835494995
B0007,B0007,True,0.9993191361427307
B0007,B0007,True,0.9992478489875793
B0007,B0007,True,0.9990822076797485
B0007,B0007,True,0.9990922808647156
B0007,B0007,True,0.9992550015449524
B0007,B0007,True,0.9991838932037354
B0007,B0007,True,0.9995834827423096
B0007,B0007,True,0.9994634389877319
B0007,B0007,True,0.9994245171546936
B0007,B0007,True,0.999193012714386
B0007,B0007,True,0.9991424083709717
B0007,B0007,True,0.9990105628967285
B0007,B0007,True,0.999091625213623
B0007,B0007,True,0.999001145362854
B0007,B0007,True,0.9989688992500305
B0007,B0007,True,0.9989612102508545
B0007,B0007,True,0.9989225268363953
B0007,B0007,True,0.9989140629768372
B0007,B0007,True,0.9987572431564331
B0007,B0007,True,0.9988523721694946
B0007,B0007,True,0.9987166523933411
B0007,B0007,True,0.9986584782600403
B0007,B0007,True,0.9992347359657288
B0007,B0007,True,0.9994004368782043
B0025,B0025,True,0.9979889988899231
B0025,B0025,True,0.9983868598937988
B0025,B0025,True,0.9989522695541382
B0025,B0025,True,0.9983879923820496
B0025,B0025,True,0.9971966743469238
B0025,B0025,True,0.9922875761985779
B0025,B0025,True,0.9918904900550842
B0025,B0025,True,0.9923016428947449
B0025,B0025,True,0.9880567789077759
B0025,B0025,True,0.9871326088905334
B0025,B0025,True,0.9845944046974182
B0025,B0025,True,0.9771532416343689
B0025,B0025,True,0.9644968509674072
B0025,B0025,True,0.9215348362922668
B0025,B0025,True,0.9697350263595581
B0025,B0025,True,0.9750765562057495
B0025,B0025,True,0.9937328100204468
B0025,B0025,True,0.9937505722045898
B0025,B0025,True,0.9900766611099243
B0025,B0025,True,0.9926913380622864
B0025,B0025,True,0.9918555617332458
B0025,B0025,True,0.9904350638389587
B0025,B0025,True,0.9886569976806641
B0025,B0025,True,0.9940629005432129
B0025,B0025,True,0.9969868063926697
B0025,B0025,True,0.9987217783927917
B0025,B0025,True,0.9980341792106628
B0025,B0025,True,0.9964764714241028
B0029,B0029,True,0.9988510608673096
B0029,B0029,True,0.9999475479125977
B0029,B0029,True,0.9999189376831055
B0029,B0029,True,0.9999181032180786
B0029,B0029,True,0.9999237656593323
B0029,B0029,True,0.9998283386230469
B0029,B0029,True,0.9999521374702454
B0029,B0029,True,0.9999551773071289
B0029,B0029,True,0.9999576807022095
B0029,B0029,True,0.999952495098114
B0029,B0029,True,0.9998149871826172
B0029,B0029,True,0.9999545216560364
B0029,B0029,True,0.999958336353302
B0029,B0029,True,0.9999607801437378
B0029,B0029,True,0.9999606609344482
B0029,B0029,True,0.9998313188552856
B0029,B0029,True,0.999953031539917
B0029,B0029,True,0.9999426007270813
B0029,B0029,True,0.9999517798423767
B0029,B0029,True,0.9999435544013977
B0029,B0029,True,0.9999767541885376
B0029,B0029,True,0.9998449683189392
B0029,B0029,True,0.9999108910560608
B0029,B0029,True,0.9998299479484558
B0029,B0029,True,0.9998348355293274
B0029,B0029,True,0.9998633861541748
B0029,B0029,True,0.9998446106910706
B0029,B0029,True,0.9998405575752258
B0029,B0029,True,0.9998599886894226
B0029,B0029,True,0.9998617768287659
B0029,B0029,True,0.999857485294342
B0029,B0029,True,0.9996189475059509
B0029,B0029,True,0.9996077418327332
B0029,B0029,True,0.9995852112770081
B0029,B0029,True,0.9996057748794556
B0029,B0029,True,0.9995700120925903
B0029,B0029,True,0.9992845058441162
B0029,B0029,True,0.9996015429496765
B0029,B0029,True,0.9995267391204834
B0029,B0029,True,0.9995231628417969
B0034,B0034,True,0.9952932596206665
B0034,B0034,True,0.9995814561843872
B0034,B0034,True,0.9996663928031921
B0034,B0034,True,0.9995250105857849
B0034,B0034,True,0.9991421103477478
B0034,B0034,True,0.997514545917511
B0034,B0034,True,0.9973866939544678
B0034,B0034,True,0.9977326393127441
B0034,B0034,True,0.9974179863929749
B0034,B0034,True,0.996908962726593
B0034,B0034,True,0.9969673156738281
B0034,B0034,True,0.9971126914024353
B0034,B0034,True,0.9965997338294983
B0034,B0034,True,0.9965413212776184
B0034,B0034,True,0.9961127042770386
B0034,B0034,True,0.9964655041694641
B0034,B0034,True,0.9972517490386963
B0034,B0034,True,0.9966943264007568
B0034,B0034,True,0.996593713760376
B0034,B0034,True,0.9960035681724548
B0034,B0034,True,0.995421826839447
B0034,B0034,True,0.9980960488319397
B0034,B0034,True,0.9982860088348389
B0034,B0034,True,0.9977665543556213
B0034,B0034,True,0.9970204830169678
B0034,B0034,True,0.997169017791748
B0034,B0034,True,0.9971583485603333
B0034,B0034,True,0.9971055388450623
B0034,B0034,True,0.9971264004707336
B0034,B0034,True,0.996322512626648
B0034,B0034,True,0.9962968826293945
B0034,B0034,True,0.9962127208709717
B0034,B0034,True,0.9963214993476868
B0034,B0034,True,0.9962673187255859
B0034,B0034,True,0.9959630370140076
B0034,B0034,True,0.9961936473846436
B0034,B0034,True,0.9960985779762268
B0034,B0034,True,0.9955639839172363
B0034,B0034,True,0.9942440390586853
B0034,B0034,True,0.9956983923912048
B0034,B0034,True,0.9961090683937073
B0034,B0034,True,0.9960885047912598
B0034,B0034,True,0.9968363642692566
B0034,B0034,True,0.9947302341461182
B0034,B0034,True,0.9958365559577942
B0034,B0034,True,0.9844174385070801
B0034,B0034,True,0.9970226883888245
B0034,B0034,True,0.9979856014251709
B0034,B0034,True,0.9975907802581787
B0034,B0034,True,0.9965808987617493
B0034,B0034,True,0.994273841381073
B0034,B0034,True,0.9947885870933533
B0034,B0034,True,0.9957188367843628
B0034,B0034,True,0.9960890412330627
B0034,B0034,True,0.9954378008842468
B0034,B0034,True,0.9951539039611816
B0034,B0034,True,0.9917954802513123
B0034,B0034,True,0.9932979941368103
B0034,B0034,True,0.9956222772598267
B0034,B0034,True,0.9957375526428223
B0034,B0034,True,0.9952760934829712
B0034,B0034,True,0.9931557774543762
B0034,B0034,True,0.9898475408554077
B0034,B0034,True,0.9926660060882568
B0034,B0034,True,0.9951380491256714
B0034,B0034,True,0.9948176741600037
B0034,B0034,True,0.9969229102134705
B0034,B0034,True,0.9933804273605347
B0034,B0034,True,0.9960023760795593
B0034,B0034,True,0.9967562556266785
B0034,B0034,True,0.9960709810256958
B0034,B0034,True,0.9961258172988892
B0034,B0034,True,0.9947170615196228
B0034,B0034,True,0.991852343082428
B0034,B0034,True,0.9943986535072327
B0034,B0034,True,0.995673418045044
B0034,B0034,True,0.9950774908065796
B0034,B0034,True,0.9950034022331238
B0034,B0034,True,0.9950340390205383
B0034,B0034,True,0.9951226711273193
B0034,B0034,True,0.9949763417243958
B0034,B0034,True,0.9950022101402283
B0034,B0034,True,0.9950230717658997
B0034,B0034,True,0.9950138926506042
B0034,B0034,True,0.9949767589569092
B0034,B0034,True,0.9950408935546875
B0034,B0034,True,0.995140016078949
B0034,B0034,True,0.9950037002563477
B0034,B0034,True,0.9948825240135193
B0034,B0034,True,0.9942190647125244
B0034,B0034,True,0.9936835765838623
B0034,B0034,True,0.9926769733428955
B0034,B0034,True,0.994685173034668
B0034,B0034,True,0.9949926137924194
B0034,B0034,True,0.9948872327804565
B0034,B0034,True,0.9943111538887024
B0034,B0034,True,0.9940980672836304
B0034,B0034,True,0.9941580295562744
B0034,B0034,True,0.9948126673698425
B0034,B0034,True,0.9948616623878479
B0034,B0034,True,0.994831383228302
B0034,B0034,True,0.9932805299758911
B0034,B0034,True,0.9919024705886841
B0034,B0034,True,0.9938305020332336
B0034,B0034,True,0.9947898983955383
B0034,B0034,True,0.994860827922821
B0034,B0034,True,0.9947583079338074
B0034,B0034,True,0.991866946220398
B0034,B0034,True,0.9900663495063782
B0034,B0034,True,0.993034839630127
B0034,B0034,True,0.9947282075881958
B0034,B0034,True,0.995268702507019
B0034,B0034,True,0.9940523505210876
B0034,B0034,True,0.9826518893241882
B0034,B0034,True,0.9932693839073181
B0034,B0034,True,0.9945982694625854
B0034,B0034,True,0.9943891167640686
B0034,B0034,True,0.99488765001297
B0034,B0034,True,0.9943522214889526
B0034,B0034,True,0.9951247572898865
B0034,B0034,True,0.994938313961029
B0034,B0034,True,0.9953311085700989
B0034,B0034,True,0.9948520660400391
B0034,B0034,True,0.9948936700820923
B0034,B0034,True,0.9946513175964355
B0034,B0034,True,0.9949635863304138
B0034,B0034,True,0.9951053261756897
B0034,B0034,True,0.9946308732032776
B0034,B0034,True,0.9949588775634766
B0034,B0034,True,0.9918228387832642
B0034,B0034,True,0.9887945652008057
B0034,B0034,True,0.9914712309837341
B0034,B0034,True,0.9938319325447083
B0034,B0034,True,0.9942330718040466
B0034,B0034,True,0.9940476417541504
B0034,B0034,True,0.9900684952735901
B0034,B0034,True,0.9934976696968079
B0034,B0034,True,0.9940239787101746
B0034,B0034,True,0.9944852590560913
B0034,B0034,True,0.9951710104942322
B0034,B0034,True,0.9939234852790833
B0034,B0034,True,0.9914513230323792
B0034,B0034,True,0.9945056438446045
B0034,B0034,True,0.9948161840438843
B0034,B0034,True,0.9950998425483704
B0034,B0034,True,0.9945963621139526
B0034,B0034,True,0.993424654006958
B0034,B0034,True,0.9861261248588562
B0034,B0034,True,0.9918147921562195
B0034,B0034,True,0.9937571883201599
B0034,B0034,True,0.9942420125007629
B0034,B0034,True,0.9942650198936462
B0034,B0034,True,0.9946132302284241
B0034,B0034,True,0.9943507313728333
B0034,B0034,True,0.9946994185447693
B0034,B0034,True,0.9923157691955566
B0034,B0034,True,0.9908016324043274
B0034,B0034,True,0.9937348365783691
B0034,B0034,True,0.994974672794342
B0034,B0034,True,0.9950145483016968
B0034,B0034,True,0.9931758046150208
B0034,B0034,True,0.9896886348724365
B0034,B0034,True,0.9931777715682983
B0034,B0034,True,0.9943812489509583
B0034,B0034,True,0.9950671195983887
B0034,B0034,True,0.9945294857025146
B0034,B0034,True,0.9931453466415405
B0034,B0034,True,0.9915094971656799
B0034,B0034,True,0.9922005534172058
B0034,B0034,True,0.9942387342453003
B0034,B0034,True,0.9945233464241028
B0034,B0034,True,0.994960606098175
B0034,B0034,True,0.991791844367981
B0034,B0034,True,0.9909917116165161
B0034,B0034,True,0.9924748539924622
B0034,B0034,True,0.9940176606178284
B0034,B0034,True,0.9911192655563354
B0034,B0034,True,0.9946253895759583
B0034,B0034,True,0.9948115944862366
B0034,B0034,True,0.9946368336677551
B0034,B0034,True,0.9949186444282532
B0034,B0034,True,0.994907557964325
B0034,B0034,True,0.9952369332313538
B0034,B0034,True,0.9944436550140381
B0034,B0034,True,0.9947400689125061
B0034,B0034,True,0.9945206046104431
B0034,B0034,True,0.9947705864906311
B0034,B0034,True,0.9948052167892456
B0034,B0034,True,0.99473637342453
B0034,B0034,True,0.9952237606048584
B0034,B0034,True,0.9951241612434387
B0034,B0034,True,0.9950074553489685
B0034,B0034,True,0.9874088168144226
B0034,B0034,True,0.988030731678009
B0034,B0034,True,0.9916044473648071
B0034,B0034,True,0.9942362904548645
B0034,B0034,True,0.9939246773719788
B0054,B0054,True,0.9778060913085938
B0054,B0054,True,0.9983547925949097
B0054,B0054,True,0.998969316482544
B0054,B0054,True,0.984909176826477
B0054,B0055,False,0.9980134963989258
B0054,B0054,True,0.9846847653388977
B0054,B0055,False,0.9981980323791504
B0054,B0055,False,0.9868825078010559
B0054,B0055,False,0.99832683801651
B0054,B0054,True,0.997581958770752
B0054,B0055,False,0.9868166446685791
B0054,B0055,False,0.9979265928268433
B0054,B0054,True,0.987909197807312
B0054,B0055,False,0.9979303479194641
B0054,B0055,False,0.9973980784416199
B0054,B0054,True,0.9850277304649353
B0054,B0054,True,0.9855266809463501
B0054,B0055,False,0.9864936470985413
B0054,B0054,True,0.9885814189910889
B0054,B0055,False,0.9981527924537659
B0054,B0054,True,0.9846836924552917
B0054,B0054,True,0.9861729741096497
B0054,B0055,False,0.9982782602310181
B0054,B0054,True,0.9862833619117737
B0054,B0054,True,0.9872062802314758
B0054,B0054,True,0.9846185445785522
B0054,B0055,False,0.9979282021522522
B0054,B0055,False,0.9982365965843201
B0054,B0055,False,0.9963657855987549
B0054,B0054,True,0.9852960109710693
B0054,B0055,False,0.9977784752845764
B0054,B0054,True,0.984657883644104
B0054,B0054,True,0.98643559217453
B0054,B0055,False,0.9972681403160095
B0054,B0054,True,0.9861020445823669
B0054,B0054,True,0.9839041829109192
B0054,B0054,True,0.9870829582214355
B0054,B0055,False,0.9977831840515137
B0054,B0054,True,0.9838171601295471
B0054,B0054,True,0.9943859577178955
B0054,B0055,False,0.9968407154083252
B0054,B0054,True,0.9836642146110535
B0054,B0054,True,0.9850937724113464
B0054,B0054,True,0.9847304224967957
B0054,B0055,False,0.9975758194923401
B0054,B0054,True,0.9843846559524536
B0054,B0054,True,0.9838263392448425
B0054,B0054,True,0.983741819858551
B0054,B0054,True,0.9847990870475769
B0054,B0054,True,0.9857627749443054
B0054,B0054,True,0.9850267767906189
B0054,B0054,True,0.9846908450126648
B0054,B0054,True,0.9843443036079407
B0054,B0054,True,0.9843326807022095
B0054,B0054,True,0.9847308397293091
B0054,B0054,True,0.996709942817688
B0054,B0054,True,0.9843320846557617
B0054,B0054,True,0.9837098121643066
B0054,B0054,True,0.9840384721755981
B0054,B0054,True,0.9835425019264221
B0054,B0054,True,0.9963108897209167
B0054,B0054,True,0.9839444160461426
B0054,B0054,True,0.9971135854721069
B0054,B0054,True,0.9837583303451538
B0054,B0054,True,0.9835554361343384
B0054,B0054,True,0.9969359636306763
B0054,B0054,True,0.9842142462730408
B0054,B0054,True,0.9825936555862427
B0054,B0054,True,0.9840158820152283
B0054,B0054,True,0.9838510155677795
B0054,B0054,True,0.9963396787643433
B0054,B0054,True,0.9835071563720703
B0054,B0054,True,0.9850132465362549
B0054,B0054,True,0.9823521971702576
B0054,B0054,True,0.9825986623764038
B0054,B0054,True,0.9828992486000061
B0054,B0054,True,0.9889426231384277
B0054,B0054,True,0.9824997782707214
B0054,B0054,True,0.9947305917739868
B0054,B0054,True,0.9829903244972229
B0054,B0054,True,0.984316349029541
B0054,B0054,True,0.9826375842094421
B0054,B0054,True,0.982240617275238
B0054,B0054,True,0.9822847247123718
B0054,B0054,True,0.9820605516433716
B0054,B0054,True,0.9826005101203918
B0054,B0054,True,0.9945189356803894
B0054,B0054,True,0.9830951690673828
B0054,B0054,True,0.981518030166626
B0054,B0054,True,0.9831957817077637
B0054,B0054,True,0.9835498929023743
B0054,B0054,True,0.9830389618873596
B0054,B0054,True,0.9830250144004822
B0054,B0054,True,0.985342800617218
B0054,B0054,True,0.9823418855667114
B0054,B0054,True,0.9944719076156616
B0054,B0054,True,0.9819209575653076
B0054,B0054,True,0.9847053289413452
B0054,B0054,True,0.9814097881317139
B0054,B0054,True,0.9819520115852356
B0054,B0054,True,0.9827501773834229
B0054,B0054,True,0.9809099435806274
B0055,B0054,False,0.9804316759109497
B0055,B0055,True,0.9974544644355774
B0055,B0055,True,0.9980706572532654
B0055,B0055,True,0.9972609877586365
B0055,B0055,True,0.9984601736068726
B0055,B0055,True,0.9975555539131165
B0055,B0055,True,0.9941889643669128
B0055,B0055,True,0.9928900599479675
B0055,B0055,True,0.9978376626968384
B0055,B0055,True,0.9978066682815552
B0055,B0055,True,0.9931142330169678
B0055,B0055,True,0.9975654482841492
B0055,B0055,True,0.997576892375946
B0055,B0055,True,0.9972882270812988
B0055,B0055,True,0.9971843361854553
B0055,B0055,True,0.9971508383750916
B0055,B0055,True,0.9968706965446472
B0055,B0055,True,0.9967447519302368
B0055,B0055,True,0.9971022605895996
B0055,B0055,True,0.9971678853034973
B0055,B0055,True,0.9969582557678223
B0055,B0055,True,0.9967795014381409
B0055,B0055,True,0.996395468711853
B0055,B0055,True,0.996467649936676
B0055,B0055,True,0.9957820773124695
B0055,B0055,True,0.996233344078064
B0055,B0055,True,0.9961701035499573
B0055,B0055,True,0.996368408203125
B0055,B0055,True,0.9963261485099792
B0055,B0055,True,0.995786726474762
B0055,B0055,True,0.9961010217666626
B0055,B0055,True,0.9961536526679993
B0055,B0055,True,0.9952089786529541
B0055,B0055,True,0.995618462562561
B0055,B0055,True,0.9958226680755615
B0055,B0055,True,0.9958914518356323
B0055,B0055,True,0.9955534934997559
B0055,B0055,True,0.99600750207901
B0055,B0055,True,0.9958651661872864
B0055,B0055,True,0.996134340763092
B0055,B0055,True,0.9954196810722351
B0055,B0055,True,0.9955554604530334
B0055,B0055,True,0.995861291885376
B0055,B0055,True,0.9941505789756775
B0055,B0055,True,0.9954575896263123
B0055,B0055,True,0.9952452182769775
B0055,B0055,True,0.9946869015693665
B0055,B0055,True,0.9895535111427307
B0055,B0055,True,0.9934324026107788
B0055,B0055,True,0.9940236210823059
B0055,B0055,True,0.9935784935951233
B0055,B0055,True,0.9940352439880371
B0055,B0055,True,0.9942492842674255
B0055,B0055,True,0.9952042102813721
B0055,B0055,True,0.9951707720756531
B0055,B0055,True,0.9952218532562256
B0055,B0055,True,0.9946774840354919
B0055,B0055,True,0.9952905774116516
B0055,B0055,True,0.9934578537940979
B0055,B0055,True,0.9952771663665771
B0055,B0055,True,0.9952106475830078
B0055,B0055,True,0.9940328598022461
B0055,B0055,True,0.9949501156806946
B0055,B0055,True,0.9932487607002258
B0055,B0055,True,0.9953773021697998
B0055,B0055,True,0.9947043061256409
B0055,B0055,True,0.9933732748031616
B0055,B0055,True,0.9944496154785156
B0055,B0055,True,0.9948117136955261
B0055,B0055,True,0.992594838142395
B0055,B0055,True,0.9945785403251648
B0055,B0055,True,0.9940440654754639
B0055,B0055,True,0.9942242503166199
B0055,B0055,True,0.9944049715995789
B0055,B0055,True,0.9931084513664246
B0055,B0055,True,0.9948164224624634
B0055,B0055,True,0.9947171211242676
B0055,B0055,True,0.9941952228546143
B0055,B0055,True,0.9948309063911438
B0055,B0055,True,0.9947099685668945
B0055,B0055,True,0.9938357472419739
B0055,B0055,True,0.9916927814483643
B0055,B0055,True,0.992706298828125
B0055,B0055,True,0.994379460811615
B0055,B0055,True,0.9922723174095154
B0055,B0055,True,0.9945430159568787
B0055,B0055,True,0.994659960269928
B0055,B0055,True,0.9913985729217529
B0055,B0055,True,0.9937767386436462
B0055,B0055,True,0.9873923063278198
B0055,B0055,True,0.9901299476623535
B0055,B0055,True,0.9935570359230042
B0055,B0055,True,0.9913497567176819
B0055,B0055,True,0.9937928318977356
B0055,B0055,True,0.9937826991081238
B0055,B0055,True,0.9939367175102234
B0055,B0055,True,0.9921875596046448
B0055,B0055,True,0.9936450123786926
B0055,B0055,True,0.9936262965202332
B0055,B0055,True,0.9918564558029175
B0055,B0055,True,0.9928463697433472
B0055,B0055,True,0.9932779669761658
