severity,source_cell_id,similarity_score,detected
0.01,B0006,0.9993311166763306,False
0.02,B0006,0.999331533908844,False
0.05,B0006,0.999322235584259,False
0.1,B0006,0.9993342161178589,False
0.2,B0006,0.9994369745254517,False
0.01,B0006,0.9998275637626648,False
0.02,B0006,0.9997989535331726,False
0.05,B0006,0.999839186668396,False
0.1,B0006,0.9998351335525513,False
0.2,B0006,0.9998115301132202,False
0.01,B0006,0.9998401999473572,False
0.02,B0006,0.9998424053192139,False
0.05,B0006,0.9998508095741272,False
0.1,B0006,0.9998397827148438,False
0.2,B0006,0.9999197721481323,False
0.01,B0006,0.9999529719352722,False
0.02,B0006,0.9999526143074036,False
0.05,B0006,0.9999553561210632,False
0.1,B0006,0.9999517202377319,False
0.2,B0006,0.9999599456787109,False
0.01,B0006,0.9999373555183411,False
0.02,B0006,0.9999392032623291,False
0.05,B0006,0.9999386072158813,False
0.1,B0006,0.9999403953552246,False
0.2,B0006,0.9999302625656128,False
0.01,B0006,0.999834418296814,False
0.02,B0006,0.9998359680175781,False
0.05,B0006,0.9998374581336975,False
0.1,B0006,0.9998447299003601,False
0.2,B0006,0.9997841119766235,False
0.01,B0006,0.9995070695877075,False
0.02,B0006,0.9994935989379883,False
0.05,B0006,0.9995109438896179,False
0.1,B0006,0.9995552897453308,False
0.2,B0006,0.9994235634803772,False
0.01,B0006,0.9999288320541382,False
0.02,B0006,0.9999279379844666,False
0.05,B0006,0.9999276995658875,False
0.1,B0006,0.9999318718910217,False
0.2,B0006,0.9999774694442749,False
0.01,B0006,0.9999169111251831,False
0.02,B0006,0.9999151229858398,False
0.05,B0006,0.9999205470085144,False
0.1,B0006,0.9999217987060547,False
0.2,B0006,0.9991216659545898,False
0.01,B0006,0.9998487234115601,False
0.02,B0006,0.9998468160629272,False
0.05,B0006,0.9998494982719421,False
0.1,B0006,0.9998128414154053,False
0.2,B0006,0.9996984004974365,False
0.01,B0006,0.9992921352386475,False
0.02,B0006,0.9993000030517578,False
0.05,B0006,0.9992868900299072,False
0.1,B0006,0.9992774724960327,False
0.2,B0006,0.9993440508842468,False
0.01,B0006,0.9999571442604065,False
0.02,B0006,0.999954879283905,False
0.05,B0006,0.999958336353302,False
0.1,B0006,0.9999567866325378,False
0.2,B0006,0.9999391436576843,False
0.01,B0006,0.9999518394470215,False
0.02,B0006,0.9999514818191528,False
0.05,B0006,0.9999537467956543,False
0.1,B0006,0.9999485015869141,False
0.2,B0006,0.999962329864502,False
0.01,B0006,0.9997076392173767,False
0.02,B0006,0.9997105598449707,False
0.05,B0006,0.9997069835662842,False
0.1,B0006,0.9997047781944275,False
0.2,B0006,0.9997401833534241,False
0.01,B0006,0.9989897012710571,False
0.02,B0006,0.9989902377128601,False
0.05,B0006,0.9989819526672363,False
0.1,B0006,0.9989479184150696,False
0.2,B0006,0.9991259574890137,False
0.01,B0006,0.9975838661193848,False
0.02,B0006,0.997590184211731,False
0.05,B0006,0.9972327351570129,False
0.1,B0006,0.9974201917648315,False
0.2,B0006,0.9977191686630249,False
0.01,B0006,0.9975703954696655,False
0.02,B0006,0.9975630044937134,False
0.05,B0006,0.9975522756576538,False
0.1,B0006,0.9975436925888062,False
0.2,B0006,0.9976835250854492,False
0.01,B0006,0.9977153539657593,False
0.02,B0006,0.9977185726165771,False
0.05,B0006,0.9977668523788452,False
0.1,B0006,0.9976505041122437,False
0.2,B0006,0.996407151222229,False
0.01,B0006,0.9976481795310974,False
0.02,B0006,0.9976504445075989,False
0.05,B0006,0.9976520538330078,False
0.1,B0006,0.9975712895393372,False
0.2,B0006,0.9978294372558594,False
0.01,B0006,0.9951392412185669,False
0.02,B0006,0.9953577518463135,False
0.05,B0006,0.9951467514038086,False
0.1,B0006,0.9951010346412659,False
0.2,B0006,0.995471179485321,False
0.01,B0006,0.9992825388908386,False
0.02,B0006,0.9992822408676147,False
0.05,B0006,0.9992873668670654,False
0.1,B0006,0.9992870092391968,False
0.2,B0006,0.9980653524398804,False
0.01,B0006,0.9954373836517334,False
0.02,B0006,0.9954388737678528,False
0.05,B0006,0.9954417943954468,False
0.1,B0006,0.9954613447189331,False
0.2,B0006,0.9956676959991455,False
0.01,B0006,0.9875994920730591,False
0.02,B0006,0.9874954223632812,False
0.05,B0006,0.9874445199966431,False
0.1,B0006,0.9874985218048096,False
0.2,B0006,0.9879591464996338,False
0.01,B0006,0.9865369200706482,False
0.02,B0006,0.9864075779914856,False
0.05,B0006,0.9859039187431335,False
0.1,B0006,0.9864342212677002,False
0.2,B0006,0.9851571917533875,False
0.01,B0006,0.9795083999633789,False
0.02,B0006,0.9795632362365723,False
0.05,B0006,0.9795013666152954,False
0.1,B0006,0.9795580506324768,False
0.2,B0006,0.979995846748352,False
0.01,B0006,0.9757163524627686,False
0.02,B0006,0.9757459163665771,False
0.05,B0006,0.9759565591812134,False
0.1,B0006,0.97574782371521,False
0.2,B0006,0.9762157797813416,False
0.01,B0006,0.9716603755950928,False
0.02,B0006,0.971528172492981,False
0.05,B0006,0.9715175628662109,False
0.1,B0006,0.971564531326294,False
0.2,B0006,0.9697202444076538,False
0.01,B0006,0.9695925116539001,False
0.02,B0006,0.9695594310760498,False
0.05,B0006,0.9695881605148315,False
0.1,B0006,0.9690291881561279,False
0.2,B0006,0.9662735462188721,False
0.01,B0006,0.9729433059692383,False
0.02,B0006,0.9729429483413696,False
0.05,B0006,0.9728549122810364,False
0.1,B0006,0.9728991985321045,False
0.2,B0006,0.9730701446533203,False
0.01,B0006,0.9722555875778198,False
0.02,B0006,0.9722808599472046,False
0.05,B0006,0.9721705317497253,False
0.1,B0006,0.9722546339035034,False
0.2,B0006,0.9728144407272339,False
0.01,B0006,0.9753535985946655,False
0.02,B0006,0.9753448963165283,False
0.05,B0006,0.9753168225288391,False
0.1,B0006,0.9719942808151245,False
0.2,B0006,0.9755775928497314,False
0.01,B0006,0.9810976982116699,False
0.02,B0006,0.9810535907745361,False
0.05,B0006,0.9810270667076111,False
0.1,B0006,0.9807467460632324,False
0.2,B0006,0.9813799858093262,False
0.01,B0006,0.9706859588623047,False
0.02,B0006,0.9707092642784119,False
0.05,B0006,0.9705279469490051,False
0.1,B0006,0.9702843427658081,False
0.2,B0006,0.9715244770050049,False
0.01,B0006,0.9556834697723389,False
0.02,B0006,0.9565477967262268,False
0.05,B0006,0.9555944204330444,False
0.1,B0006,0.9555323123931885,False
0.2,B0006,0.9553998708724976,False
0.01,B0006,0.9494273066520691,False
0.02,B0006,0.9495380520820618,False
0.05,B0006,0.9492656588554382,False
0.1,B0006,0.9494839906692505,False
0.2,B0006,0.9446771144866943,False
0.01,B0006,0.9751459956169128,False
0.02,B0006,0.9750412106513977,False
0.05,B0006,0.9749300479888916,False
0.1,B0006,0.9749763607978821,False
0.2,B0006,0.9704026579856873,False
0.01,B0006,0.9587942361831665,False
0.02,B0006,0.9590765833854675,False
0.05,B0006,0.9586233496665955,False
0.1,B0006,0.9588230848312378,False
0.2,B0006,0.9563406705856323,False
0.01,B0006,0.9489009380340576,False
0.02,B0006,0.9485688209533691,False
0.05,B0006,0.9484488368034363,False
0.1,B0006,0.9486240744590759,False
0.2,B0006,0.9498868584632874,False
0.01,B0006,0.9356957674026489,False
0.02,B0006,0.935786783695221,False
0.05,B0006,0.9356248378753662,False
0.1,B0006,0.9357370138168335,False
0.2,B0006,0.937070906162262,False
0.01,B0006,0.9478988647460938,False
0.02,B0006,0.9479395747184753,False
0.05,B0006,0.9477880001068115,False
0.1,B0006,0.9374205470085144,False
0.2,B0006,0.9490439891815186,False
0.01,B0006,0.9738063812255859,False
0.02,B0006,0.9737958908081055,False
0.05,B0006,0.9736997485160828,False
0.1,B0006,0.9738197922706604,False
0.2,B0006,0.9706199765205383,False
0.01,B0006,0.9776694774627686,False
0.02,B0006,0.9776643514633179,False
0.05,B0006,0.9776209592819214,False
0.1,B0006,0.9775854349136353,False
0.2,B0006,0.949678897857666,False
0.01,B0006,0.965826153755188,False
0.02,B0006,0.965954601764679,False
0.05,B0006,0.9657517075538635,False
0.1,B0006,0.9664981961250305,False
0.2,B0006,0.9541441798210144,False
0.01,B0006,0.9627673625946045,False
0.02,B0006,0.9627507925033569,False
0.05,B0006,0.9626649618148804,False
0.1,B0006,0.9618523120880127,False
0.2,B0006,0.9567579627037048,False
0.01,B0006,0.9360443949699402,False
0.02,B0006,0.9359842538833618,False
0.05,B0006,0.9360322952270508,False
0.1,B0006,0.9356577396392822,False
0.2,B0006,0.9423502683639526,False
0.01,B0006,0.9274303317070007,False
0.02,B0006,0.9274247288703918,False
0.05,B0006,0.9271044135093689,False
0.1,B0006,0.9274962544441223,False
0.2,B0006,0.9275844097137451,False
0.01,B0006,0.9260563850402832,False
0.02,B0006,0.9258540868759155,False
0.05,B0006,0.9257521629333496,False
0.1,B0006,0.9257925748825073,False
0.2,B0006,0.9262489080429077,False
0.01,B0006,0.9886204600334167,False
0.02,B0006,0.9885995984077454,False
0.05,B0006,0.9885653257369995,False
0.1,B0006,0.9886170625686646,False
0.2,B0006,0.9903793334960938,False
0.01,B0006,0.9973748922348022,False
0.02,B0006,0.9973875880241394,False
0.05,B0006,0.9973430633544922,False
0.1,B0006,0.9948171973228455,False
0.2,B0006,0.9973196387290955,False
0.01,B0006,0.991725742816925,False
0.02,B0006,0.9917359352111816,False
0.05,B0006,0.9916892051696777,False
0.1,B0006,0.9915289878845215,False
0.2,B0006,0.9921836256980896,False
0.01,B0006,0.9792068600654602,False
0.02,B0006,0.9792661666870117,False
0.05,B0006,0.9791260957717896,False
0.1,B0006,0.9795783162117004,False
0.2,B0006,0.9783198237419128,False
0.01,B0006,0.9646631479263306,False
0.02,B0006,0.9647911787033081,False
0.05,B0006,0.9618027210235596,False
0.1,B0006,0.9645034670829773,False
0.2,B0006,0.965634822845459,False
0.01,B0006,0.9643498659133911,False
0.02,B0006,0.9643434286117554,False
0.05,B0006,0.9646340608596802,False
0.1,B0006,0.9642062187194824,False
0.2,B0006,0.9617524743080139,False
0.01,B0006,0.9743170738220215,False
0.02,B0006,0.9743323922157288,False
0.05,B0006,0.9743815660476685,False
0.1,B0006,0.974231481552124,False
0.2,B0006,0.9756661653518677,False
0.01,B0006,0.9632117748260498,False
0.02,B0006,0.9632408022880554,False
0.05,B0006,0.9632286429405212,False
0.1,B0006,0.9628777503967285,False
0.2,B0006,0.9639487862586975,False
0.01,B0006,0.9566613435745239,False
0.02,B0006,0.9566200375556946,False
0.05,B0006,0.9521577954292297,False
0.1,B0006,0.9563548564910889,False
0.2,B0006,0.9535156488418579,False
0.01,B0006,0.9475587010383606,False
0.02,B0006,0.9514492750167847,False
0.05,B0006,0.9474661946296692,False
0.1,B0006,0.9479430317878723,False
0.2,B0006,0.9431930184364319,False
0.01,B0006,0.9575904011726379,False
0.02,B0006,0.9575574398040771,False
0.05,B0006,0.9575080275535583,False
0.1,B0006,0.9573864340782166,False
0.2,B0006,0.9547517895698547,False
0.01,B0006,0.965705394744873,False
0.02,B0006,0.9659127593040466,False
0.05,B0006,0.9656791687011719,False
0.1,B0006,0.9651021957397461,False
0.2,B0006,0.9569710493087769,False
0.01,B0006,0.959852397441864,False
0.02,B0006,0.9597795009613037,False
0.05,B0006,0.959739089012146,False
0.1,B0006,0.9598394632339478,False
0.2,B0006,0.9593392610549927,False
0.01,B0006,0.9506505131721497,False
0.02,B0006,0.950724184513092,False
0.05,B0006,0.9504215717315674,False
0.1,B0006,0.939446747303009,False
0.2,B0006,0.9532333612442017,False
0.01,B0006,0.9396545886993408,False
0.02,B0006,0.9387285709381104,False
0.05,B0006,0.93947434425354,False
0.1,B0006,0.9393795728683472,False
0.2,B0006,0.8544502258300781,False
0.01,B0006,0.9505932927131653,False
0.02,B0006,0.9506661891937256,False
0.05,B0006,0.9480311870574951,False
0.1,B0006,0.9505670070648193,False
0.2,B0006,0.9381217956542969,False
0.01,B0006,0.929254412651062,False
0.02,B0006,0.9293924570083618,False
0.05,B0006,0.9296716451644897,False
0.1,B0006,0.928744912147522,False
0.2,B0006,0.9065008163452148,False
0.01,B0006,0.9397227764129639,False
0.02,B0006,0.9390950202941895,False
0.05,B0006,0.9387595653533936,False
0.1,B0006,0.9388754367828369,False
0.2,B0006,0.9398653507232666,False
0.01,B0006,0.9282388091087341,False
0.02,B0006,0.92823326587677,False
0.05,B0006,0.928048849105835,False
0.1,B0006,0.92811518907547,False
0.2,B0006,0.9299889802932739,False
0.01,B0006,0.9194567203521729,False
0.02,B0006,0.9195221662521362,False
0.05,B0006,0.9194897413253784,False
0.1,B0006,0.9125374555587769,False
0.2,B0006,0.9180877208709717,False
0.01,B0006,0.9147191047668457,False
0.02,B0006,0.9141368865966797,False
0.05,B0006,0.9140760898590088,False
0.1,B0006,0.912692666053772,False
0.2,B0006,0.9167439937591553,False
0.01,B0006,0.9185183644294739,False
0.02,B0006,0.9165147542953491,False
0.05,B0006,0.9183019399642944,False
0.1,B0006,0.9203900098800659,False
0.2,B0006,0.8800623416900635,False
0.01,B0006,0.9130183458328247,False
0.02,B0006,0.9128976464271545,False
0.05,B0006,0.9087454080581665,False
0.1,B0006,0.9122580289840698,False
0.2,B0006,0.8814088106155396,False
0.01,B0006,0.9141710996627808,False
0.02,B0006,0.9142440557479858,False
0.05,B0006,0.9143694639205933,False
0.1,B0006,0.9185315370559692,False
0.2,B0006,0.9128267765045166,False
0.01,B0006,0.9089146256446838,False
0.02,B0006,0.9087769389152527,False
0.05,B0006,0.9077837467193604,False
0.1,B0006,0.9080585241317749,False
0.2,B0006,0.9075237512588501,False
0.01,B0006,0.9086705446243286,False
0.02,B0006,0.9085173010826111,False
0.05,B0006,0.9086644649505615,False
0.1,B0006,0.9085985422134399,False
0.2,B0006,0.9094968438148499,False
0.01,B0006,0.9062955975532532,False
0.02,B0006,0.9064790606498718,False
0.05,B0006,0.905968427658081,False
0.1,B0006,0.9063056111335754,False
0.2,B0006,0.9049328565597534,False
0.01,B0006,0.9007899761199951,False
0.02,B0006,0.9010777473449707,False
0.05,B0006,0.9018145203590393,False
0.1,B0006,0.9007490873336792,False
0.2,B0006,0.904058575630188,False
0.01,B0006,0.8913027048110962,False
0.02,B0006,0.8905790448188782,False
0.05,B0006,0.8945507407188416,False
0.1,B0006,0.8901559114456177,False
0.2,B0006,0.8634703159332275,False
0.01,B0006,0.892677903175354,False
0.02,B0006,0.8927027583122253,False
0.05,B0006,0.8924590945243835,False
0.1,B0006,0.8927487134933472,False
0.2,B0006,0.8925883769989014,False
0.01,B0006,0.9377098083496094,False
0.02,B0006,0.9376893043518066,False
0.05,B0006,0.9376972913742065,False
0.1,B0006,0.9376035332679749,False
0.2,B0006,0.9220514893531799,False
0.01,B0006,0.9043536186218262,False
0.02,B0006,0.904204249382019,False
0.05,B0006,0.9036381244659424,False
0.1,B0006,0.89353346824646,False
0.2,B0006,0.9057960510253906,False
0.01,B0006,0.8853491544723511,False
0.02,B0006,0.8851613402366638,False
0.05,B0006,0.8818833827972412,False
0.1,B0006,0.8917939066886902,False
0.2,B0006,0.8863234519958496,False
0.01,B0006,0.8878097534179688,False
0.02,B0006,0.887553334236145,False
0.05,B0006,0.8874760270118713,False
0.1,B0006,0.8743966817855835,False
0.2,B0006,0.895504355430603,False
0.01,B0006,0.9124852418899536,False
0.02,B0006,0.9115053415298462,False
0.05,B0006,0.912312924861908,False
0.1,B0006,0.9125946760177612,False
0.2,B0006,0.9137536287307739,False
0.01,B0006,0.9214363098144531,False
0.02,B0006,0.9215683937072754,False
0.05,B0006,0.9212728142738342,False
0.1,B0006,0.9213118553161621,False
0.2,B0006,0.9208095073699951,False
0.01,B0006,0.9150354862213135,False
0.02,B0006,0.9150614142417908,False
0.05,B0006,0.9150018095970154,False
0.1,B0006,0.9146609306335449,False
0.2,B0006,0.9132142663002014,False
0.01,B0006,0.9005283117294312,False
0.02,B0006,0.9005739688873291,False
0.05,B0006,0.9006472826004028,False
0.1,B0006,0.9038537740707397,False
0.2,B0006,0.899996280670166,False
0.01,B0006,0.8853812217712402,False
0.02,B0006,0.8851058483123779,False
0.05,B0006,0.8864096403121948,False
0.1,B0006,0.8851081728935242,False
0.2,B0006,0.8972203731536865,False
0.01,B0006,0.8983816504478455,False
0.02,B0006,0.8984813094139099,False
0.05,B0006,0.8978561758995056,False
0.1,B0006,0.8980669975280762,False
0.2,B0006,0.8957371115684509,False
0.01,B0006,0.9113243818283081,False
0.02,B0006,0.9109288454055786,False
0.05,B0006,0.9107391834259033,False
0.1,B0006,0.9110318422317505,False
0.2,B0006,0.8180562257766724,False
0.01,B0006,0.911657452583313,False
0.02,B0006,0.9108179807662964,False
0.05,B0006,0.9107216596603394,False
0.1,B0006,0.9105183482170105,False
0.2,B0006,0.9106625318527222,False
0.01,B0006,0.9396610260009766,False
0.02,B0006,0.9396799802780151,False
0.05,B0006,0.9305124282836914,False
0.1,B0006,0.9391013979911804,False
0.2,B0006,0.9396618604660034,False
0.01,B0006,0.943565309047699,False
0.02,B0006,0.9435844421386719,False
0.05,B0006,0.9430400729179382,False
0.1,B0006,0.9433379173278809,False
0.2,B0006,0.9005671143531799,False
0.01,B0006,0.9361064434051514,False
0.02,B0006,0.936140775680542,False
0.05,B0006,0.9362651705741882,False
0.1,B0006,0.9361271858215332,False
0.2,B0006,0.9376347064971924,False
0.01,B0006,0.9239354729652405,False
0.02,B0006,0.9239972233772278,False
0.05,B0006,0.923551619052887,False
0.1,B0006,0.9235296845436096,False
0.2,B0006,0.8611211776733398,False
0.01,B0006,0.9125937223434448,False
0.02,B0006,0.9123815298080444,False
0.05,B0006,0.9125897884368896,False
0.1,B0006,0.9124932289123535,False
0.2,B0006,0.8837281465530396,False
0.01,B0006,0.9045625329017639,False
0.02,B0006,0.9046586751937866,False
0.05,B0006,0.9043858051300049,False
0.1,B0006,0.9041920304298401,False
0.2,B0006,0.9071985483169556,False
0.01,B0006,0.9062193632125854,False
0.02,B0006,0.9068094491958618,False
0.05,B0006,0.9060788154602051,False
0.1,B0006,0.9062609076499939,False
0.2,B0006,0.9071862101554871,False
0.01,B0006,0.9048206806182861,False
0.02,B0006,0.904968798160553,False
0.05,B0006,0.9049292206764221,False
0.1,B0006,0.9069951772689819,False
0.2,B0006,0.906173825263977,False
0.01,B0006,0.9025528430938721,False
0.02,B0006,0.9022589325904846,False
0.05,B0006,0.9026933908462524,False
0.1,B0006,0.9019864201545715,False
0.2,B0006,0.8054260611534119,False
0.01,B0006,0.9012066125869751,False
0.02,B0006,0.901023268699646,False
0.05,B0006,0.9007722735404968,False
0.1,B0006,0.8816168308258057,False
0.2,B0006,0.9011613726615906,False
0.01,B0006,0.9012293815612793,False
0.02,B0006,0.9011961221694946,False
0.05,B0006,0.9012222290039062,False
0.1,B0006,0.9010031223297119,False
0.2,B0006,0.9010316729545593,False
0.01,B0006,0.8992225527763367,False
0.02,B0006,0.899573802947998,False
0.05,B0006,0.8993983268737793,False
0.1,B0006,0.8992908596992493,False
0.2,B0006,0.9021680355072021,False
0.01,B0006,0.8954334855079651,False
0.02,B0006,0.8956395387649536,False
0.05,B0006,0.8951613903045654,False
0.1,B0006,0.8953126072883606,False
0.2,B0006,0.8971689343452454,False
0.01,B0006,0.9067618250846863,False
0.02,B0006,0.9067162275314331,False
0.05,B0006,0.9031325578689575,False
0.1,B0006,0.9067937135696411,False
0.2,B0006,0.9101133346557617,False
0.01,B0006,0.9332423806190491,False
0.02,B0006,0.9332056641578674,False
0.05,B0006,0.9327924847602844,False
0.1,B0006,0.9286996126174927,False
0.2,B0006,0.9334241151809692,False
0.01,B0006,0.9230099320411682,False
0.02,B0006,0.9229136109352112,False
0.05,B0006,0.9226034879684448,False
0.1,B0006,0.9189556837081909,False
0.2,B0006,0.9238823652267456,False
0.01,B0006,0.913732647895813,False
0.02,B0006,0.913862407207489,False
0.05,B0006,0.915714681148529,False
0.1,B0006,0.913194477558136,False
0.2,B0006,0.9155123829841614,False
0.01,B0006,0.9054677486419678,False
0.02,B0006,0.9047554731369019,False
0.05,B0006,0.9046117067337036,False
0.1,B0006,0.904869556427002,False
0.2,B0006,0.9059499502182007,False
0.01,B0006,0.9024621248245239,False
0.02,B0006,0.9022977948188782,False
0.05,B0006,0.9025194644927979,False
0.1,B0006,0.902141809463501,False
0.2,B0006,0.9014191031455994,False
0.01,B0006,0.9100418090820312,False
0.02,B0006,0.9104577302932739,False
0.05,B0006,0.9098820686340332,False
0.1,B0006,0.9111213684082031,False
0.2,B0006,0.9104585647583008,False
0.01,B0006,0.9132940769195557,False
0.02,B0006,0.9133221507072449,False
0.05,B0006,0.9131606817245483,False
0.1,B0006,0.9134188890457153,False
0.2,B0006,0.9128556847572327,False
0.01,B0006,0.9041866064071655,False
0.02,B0006,0.9041064977645874,False
0.05,B0006,0.904059648513794,False
0.1,B0006,0.9043415784835815,False
0.2,B0006,0.9044235348701477,False
0.01,B0006,0.89753258228302,False
0.02,B0006,0.8974505662918091,False
0.05,B0006,0.8974999189376831,False
0.1,B0006,0.8976035714149475,False
0.2,B0006,0.899262547492981,False
0.01,B0006,0.9011971354484558,False
0.02,B0006,0.901080846786499,False
0.05,B0006,0.9007624387741089,False
0.1,B0006,0.900947093963623,False
0.2,B0006,0.8363885283470154,False
0.01,B0006,0.9089316725730896,False
0.02,B0006,0.9088680148124695,False
0.05,B0006,0.9086897969245911,False
0.1,B0006,0.9087211489677429,False
0.2,B0006,0.9089282751083374,False
0.01,B0006,0.9046064615249634,False
0.02,B0006,0.9046568274497986,False
0.05,B0006,0.9052833318710327,False
0.1,B0006,0.9042083024978638,False
0.2,B0006,0.8478072881698608,False
0.01,B0006,0.897089958190918,False
0.02,B0006,0.8971130847930908,False
0.05,B0006,0.8969215154647827,False
0.1,B0006,0.8968415856361389,False
0.2,B0006,0.8758431077003479,False
0.01,B0006,0.889671266078949,False
0.02,B0006,0.8898051977157593,False
0.05,B0006,0.8903716206550598,False
0.1,B0006,0.8897215127944946,False
0.2,B0006,0.8596622943878174,False
0.01,B0006,0.8982282876968384,False
0.02,B0006,0.8983755111694336,False
0.05,B0006,0.8981293439865112,False
0.1,B0006,0.8984671831130981,False
0.2,B0006,0.8981553316116333,False
0.01,B0006,0.906885027885437,False
0.02,B0006,0.9068722128868103,False
0.05,B0006,0.9068635702133179,False
0.1,B0006,0.9066003561019897,False
0.2,B0006,0.897059440612793,False
0.01,B0006,0.9091212749481201,False
0.02,B0006,0.9091145992279053,False
0.05,B0006,0.9092153310775757,False
0.1,B0006,0.908832311630249,False
0.2,B0006,0.9094520807266235,False
0.01,B0006,0.9250720143318176,False
0.02,B0006,0.9248042106628418,False
0.05,B0006,0.9248963594436646,False
0.1,B0006,0.9246511459350586,False
0.2,B0006,0.7993167638778687,False
0.01,B0006,0.908819317817688,False
0.02,B0006,0.9088691473007202,False
0.05,B0006,0.9077630043029785,False
0.1,B0006,0.9086999893188477,False
0.2,B0006,0.910194456577301,False
0.01,B0006,0.8947781324386597,False
0.02,B0006,0.894980251789093,False
0.05,B0006,0.8950921297073364,False
0.1,B0006,0.8946058750152588,False
0.2,B0006,0.8962939381599426,False
0.01,B0006,0.8889353275299072,False
0.02,B0006,0.8888514637947083,False
0.05,B0006,0.88631272315979,False
0.1,B0006,0.8884454965591431,False
0.2,B0006,0.8886690139770508,False
0.01,B0006,0.886032223701477,False
0.02,B0006,0.886061429977417,False
0.05,B0006,0.8858307600021362,False
0.1,B0006,0.8850247859954834,False
0.2,B0006,0.8873029947280884,False
0.01,B0006,0.8843854665756226,False
0.02,B0006,0.8837127685546875,False
0.05,B0006,0.8834971189498901,False
0.1,B0006,0.8529095649719238,False
0.2,B0006,0.8844864368438721,False
0.01,B0006,0.8809154033660889,False
0.02,B0006,0.8808635473251343,False
0.05,B0006,0.8811727166175842,False
0.1,B0006,0.8787307143211365,False
0.2,B0006,0.8830989599227905,False
0.01,B0006,0.8712435960769653,False
0.02,B0006,0.8716323971748352,False
0.05,B0006,0.8708409667015076,False
0.1,B0006,0.8761641979217529,False
0.2,B0006,0.8517156839370728,False
0.01,B0006,0.8661621809005737,False
0.02,B0006,0.866748571395874,False
0.05,B0006,0.8664885759353638,False
0.1,B0006,0.8654442429542542,False
0.2,B0006,0.8263402581214905,False
0.01,B0006,0.8671053051948547,False
0.02,B0006,0.866668701171875,False
0.05,B0006,0.8663038015365601,False
0.1,B0006,0.8634971380233765,False
0.2,B0006,0.8700722455978394,False
0.01,B0006,0.8684042692184448,False
0.02,B0006,0.8685485124588013,False
0.05,B0006,0.8682305812835693,False
0.1,B0006,0.8679223656654358,False
0.2,B0006,0.8674638867378235,False
0.01,B0006,0.8647449612617493,False
0.02,B0006,0.8645108342170715,False
0.05,B0006,0.8643226623535156,False
0.1,B0006,0.8648169636726379,False
0.2,B0006,0.8678922653198242,False
0.01,B0006,0.880252480506897,False
0.02,B0006,0.8803167343139648,False
0.05,B0006,0.8802793622016907,False
0.1,B0006,0.8802734613418579,False
0.2,B0006,0.8825196623802185,False
0.01,B0006,0.8912811279296875,False
0.02,B0006,0.891533374786377,False
0.05,B0006,0.8914647102355957,False
0.1,B0006,0.8943081498146057,False
0.2,B0006,0.89110267162323,False
0.01,B0006,0.8739358186721802,False
0.02,B0006,0.873213529586792,False
0.05,B0006,0.8735666275024414,False
0.1,B0006,0.8730728626251221,False
0.2,B0006,0.8751443028450012,False
0.01,B0006,0.8588981032371521,False
0.02,B0006,0.8592424392700195,False
0.05,B0006,0.8576560616493225,False
0.1,B0006,0.8586465716362,False
0.2,B0006,0.8599580526351929,False
0.01,B0006,0.8318852186203003,False
0.02,B0006,0.8354659676551819,False
0.05,B0006,0.8352583050727844,False
0.1,B0006,0.7926808595657349,False
0.2,B0006,0.8376713395118713,False
0.01,B0006,0.8569566011428833,False
0.02,B0006,0.8572048544883728,False
0.05,B0006,0.8574015498161316,False
0.1,B0006,0.856562614440918,False
0.2,B0006,0.8593304753303528,False
0.01,B0006,0.8673033118247986,False
0.02,B0006,0.867612361907959,False
0.05,B0006,0.8642685413360596,False
0.1,B0006,0.8133747577667236,False
0.2,B0006,0.8693345785140991,False
0.01,B0006,0.8546321392059326,False
0.02,B0006,0.854524552822113,False
0.05,B0006,0.8546673059463501,False
0.1,B0006,0.854019284248352,False
0.2,B0006,0.8566632270812988,False
0.01,B0006,0.829836905002594,False
0.02,B0006,0.8301386833190918,False
0.05,B0006,0.8296539187431335,False
0.1,B0006,0.8326883316040039,False
0.2,B0006,0.8314143419265747,False
0.01,B0006,0.8199005722999573,False
0.02,B0006,0.8197011947631836,False
0.05,B0006,0.8200662732124329,False
0.1,B0006,0.8294310569763184,False
0.2,B0006,0.829486072063446,False
0.01,B0006,0.8407169580459595,False
0.02,B0006,0.8404207229614258,False
0.05,B0006,0.8427729606628418,False
0.1,B0006,0.822881817817688,False
0.2,B0006,0.8447872400283813,False
0.01,B0006,0.8437206149101257,False
0.02,B0006,0.8434032201766968,False
0.05,B0006,0.8438969254493713,False
0.1,B0006,0.8432701230049133,False
0.2,B0006,0.8491110801696777,False
0.01,B0006,0.8187997341156006,False
0.02,B0006,0.8187986016273499,False
0.05,B0006,0.8193588852882385,False
0.1,B0006,0.8180628418922424,False
0.2,B0006,0.8209294676780701,False
0.01,B0006,0.7961012721061707,False
0.02,B0006,0.7995890974998474,False
0.05,B0006,0.7985281944274902,False
0.1,B0006,0.8029218912124634,False
0.2,B0006,0.8332334160804749,False
0.01,B0006,0.7947393655776978,False
0.02,B0006,0.7947753071784973,False
0.05,B0006,0.7952703237533569,False
0.1,B0006,0.7949790954589844,False
0.2,B0006,0.7346575260162354,True
0.01,B0006,0.8224697113037109,False
0.02,B0006,0.822185218334198,False
0.05,B0006,0.8221137523651123,False
0.1,B0006,0.8208719491958618,False
0.2,B0006,0.825377881526947,False
0.01,B0006,0.8203939199447632,False
0.02,B0006,0.8202674984931946,False
0.05,B0006,0.8238838315010071,False
0.1,B0006,0.8210808634757996,False
0.2,B0006,0.7719954252243042,True
0.01,B0006,0.8012746572494507,False
0.02,B0006,0.806545078754425,False
0.05,B0006,0.8067556619644165,False
0.1,B0006,0.8059535026550293,False
0.2,B0006,0.8105711936950684,False
0.01,B0006,0.8737668991088867,False
0.02,B0006,0.8735065460205078,False
0.05,B0006,0.8735581636428833,False
0.1,B0006,0.8814639449119568,False
0.2,B0006,0.885094165802002,False
0.01,B0006,0.8590558767318726,False
0.02,B0006,0.8589433431625366,False
0.05,B0006,0.8630490303039551,False
0.1,B0006,0.8635584115982056,False
0.2,B0006,0.8705865144729614,False
0.01,B0006,0.8492646813392639,False
0.02,B0006,0.8494002819061279,False
0.05,B0006,0.8447880744934082,False
0.1,B0006,0.8487075567245483,False
0.2,B0006,0.8528150320053101,False
0.01,B0006,0.8390670418739319,False
0.02,B0006,0.8389571905136108,False
0.05,B0006,0.8395335674285889,False
0.1,B0006,0.8561599254608154,False
0.2,B0006,0.8235558867454529,False
0.01,B0006,0.8359204530715942,False
0.02,B0006,0.8359342813491821,False
0.05,B0006,0.8347414135932922,False
0.1,B0006,0.7963958978652954,False
0.2,B0006,0.8397341370582581,False
0.01,B0006,0.8289280533790588,False
0.02,B0006,0.8289992809295654,False
0.05,B0006,0.8286333084106445,False
0.1,B0006,0.8284457921981812,False
0.2,B0006,0.8078066110610962,False
0.01,B0006,0.8293731808662415,False
0.02,B0006,0.8292179703712463,False
0.05,B0006,0.8286631107330322,False
0.1,B0006,0.8280525207519531,False
0.2,B0006,0.8336989283561707,False
0.01,B0006,0.8273067474365234,False
0.02,B0006,0.8277684450149536,False
0.05,B0006,0.8281054496765137,False
0.1,B0006,0.8191763758659363,False
0.2,B0006,0.842530369758606,False
0.01,B0006,0.8270328640937805,False
0.02,B0006,0.8269774913787842,False
0.05,B0006,0.8266525268554688,False
0.1,B0006,0.8252643942832947,False
0.2,B0006,0.8169240355491638,False
0.01,B0006,0.8224213719367981,False
0.02,B0006,0.8224751949310303,False
0.05,B0006,0.8225204944610596,False
0.1,B0006,0.8439922332763672,False
0.2,B0006,0.7110451459884644,True
0.01,B0006,0.8246426582336426,False
0.02,B0006,0.8247566223144531,False
0.05,B0006,0.8248853087425232,False
0.1,B0006,0.8240312933921814,False
0.2,B0006,0.827411413192749,False
0.01,B0006,0.8270809054374695,False
0.02,B0006,0.8268585205078125,False
0.05,B0006,0.8270533680915833,False
0.1,B0006,0.8275644779205322,False
0.2,B0006,0.8249174952507019,False
0.01,B0006,0.8119676113128662,False
0.02,B0006,0.8158538937568665,False
0.05,B0006,0.8152644634246826,False
0.1,B0006,0.8162201642990112,False
0.2,B0006,0.7013363242149353,True
0.01,B0006,0.7979136109352112,False
0.02,B0006,0.7973984479904175,False
0.05,B0006,0.7976675033569336,False
0.1,B0006,0.7981799840927124,False
0.2,B0006,0.8024083971977234,False
0.01,B0006,0.8183912038803101,False
0.02,B0006,0.8180855512619019,False
0.05,B0006,0.7994284629821777,False
0.1,B0006,0.816778302192688,False
0.2,B0006,0.8228375911712646,False
0.01,B0006,0.8200402855873108,False
0.02,B0006,0.8200289011001587,False
0.05,B0006,0.8194077014923096,False
0.1,B0006,0.8195255994796753,False
0.2,B0006,0.8296480178833008,False
0.01,B0006,0.83001708984375,False
0.02,B0006,0.8306050300598145,False
0.05,B0006,0.8299577236175537,False
0.1,B0006,0.8294786810874939,False
0.2,B0006,0.8342562317848206,False
0.01,B0006,0.8568621277809143,False
0.02,B0006,0.8567920327186584,False
0.05,B0006,0.8564776182174683,False
0.1,B0006,0.8566453456878662,False
0.2,B0006,0.8497215509414673,False
0.01,B0027,0.9936693906784058,False
0.02,B0027,0.9936261773109436,False
0.05,B0027,0.993620753288269,False
0.1,B0027,0.9936045408248901,False
0.2,B0027,0.9919188022613525,False
0.01,B0027,0.9966487884521484,False
0.02,B0027,0.9971020221710205,False
0.05,B0027,0.9966567158699036,False
0.1,B0027,0.996644139289856,False
0.2,B0027,0.9961719512939453,False
0.01,B0027,0.9960393905639648,False
0.02,B0027,0.9958224296569824,False
0.05,B0027,0.9983571767807007,False
0.1,B0027,0.9979395866394043,False
0.2,B0027,0.993967592716217,False
0.01,B0027,0.9976421594619751,False
0.02,B0027,0.9975776672363281,False
0.05,B0027,0.9975791573524475,False
0.1,B0027,0.9958693981170654,False
0.2,B0027,0.9976311326026917,False
0.01,B0027,0.9957416653633118,False
0.02,B0027,0.9957450032234192,False
0.05,B0027,0.9957448840141296,False
0.1,B0027,0.9947475790977478,False
0.2,B0027,0.9915067553520203,False
0.01,B0027,0.9939073920249939,False
0.02,B0027,0.9939050674438477,False
0.05,B0027,0.9939056038856506,False
0.1,B0027,0.9939112663269043,False
0.2,B0027,0.9938008785247803,False
0.01,B0027,0.9927879571914673,False
0.02,B0027,0.9931836724281311,False
0.05,B0027,0.9936137199401855,False
0.1,B0027,0.9945604205131531,False
0.2,B0027,0.9891340732574463,False
0.01,B0027,0.9898966550827026,False
0.02,B0027,0.9898966550827026,False
0.05,B0027,0.98988938331604,False
0.1,B0027,0.9898958802223206,False
0.2,B0027,0.9848771095275879,False
0.01,B0027,0.9875212907791138,False
0.02,B0027,0.987268328666687,False
0.05,B0027,0.9880231618881226,False
0.1,B0027,0.987500786781311,False
0.2,B0027,0.9872358441352844,False
0.01,B0027,0.9898127317428589,False
0.02,B0027,0.9894908666610718,False
0.05,B0027,0.9894816875457764,False
0.1,B0027,0.989495038986206,False
0.2,B0027,0.9926753044128418,False
0.01,B0027,0.9904038906097412,False
0.02,B0027,0.9903740882873535,False
0.05,B0027,0.9901378154754639,False
0.1,B0027,0.9880052804946899,False
0.2,B0027,0.9848160743713379,False
0.01,B0027,0.99010169506073,False
0.02,B0027,0.9901618361473083,False
0.05,B0027,0.9901021718978882,False
0.1,B0027,0.9905376434326172,False
0.2,B0027,0.9861397743225098,False
0.01,B0027,0.9898887872695923,False
0.02,B0027,0.989943265914917,False
0.05,B0027,0.9901957511901855,False
0.1,B0027,0.9899513125419617,False
0.2,B0027,0.9825172424316406,False
0.01,B0027,0.9712978601455688,False
0.02,B0027,0.971301257610321,False
0.05,B0027,0.9737527370452881,False
0.1,B0027,0.9712594747543335,False
0.2,B0027,0.9712144136428833,False
0.01,B0027,0.987123966217041,False
0.02,B0027,0.9871218204498291,False
0.05,B0027,0.9871341586112976,False
0.1,B0027,0.9871773719787598,False
0.2,B0027,0.9807111024856567,False
0.01,B0027,0.9919296503067017,False
0.02,B0027,0.9920095801353455,False
0.05,B0027,0.9855186939239502,False
0.1,B0027,0.9920235276222229,False
0.2,B0027,0.9922111630439758,False
0.01,B0027,0.9842778444290161,False
0.02,B0027,0.9837842583656311,False
0.05,B0027,0.9845518469810486,False
0.1,B0027,0.988173246383667,False
0.2,B0027,0.9903265833854675,False
0.01,B0027,0.9926992654800415,False
0.02,B0027,0.9924650192260742,False
0.05,B0027,0.9921280145645142,False
0.1,B0027,0.9926124215126038,False
0.2,B0027,0.9925909638404846,False
0.01,B0027,0.9865500330924988,False
0.02,B0027,0.9871973991394043,False
0.05,B0027,0.9865467548370361,False
0.1,B0027,0.9896569848060608,False
0.2,B0027,0.9866213798522949,False
0.01,B0027,0.9897961616516113,False
0.02,B0027,0.9902570247650146,False
0.05,B0027,0.9905509948730469,False
0.1,B0027,0.9857370853424072,False
0.2,B0027,0.9909548163414001,False
0.01,B0027,0.9937136173248291,False
0.02,B0027,0.993415355682373,False
0.05,B0027,0.9934161901473999,False
0.1,B0027,0.9934269189834595,False
0.2,B0027,0.9925305843353271,False
0.01,B0027,0.9921842217445374,False
0.02,B0027,0.9923669695854187,False
0.05,B0027,0.9916010499000549,False
0.1,B0027,0.9921855330467224,False
0.2,B0027,0.9878828525543213,False
0.01,B0027,0.9927473068237305,False
0.02,B0027,0.9933276772499084,False
0.05,B0027,0.9927763938903809,False
0.1,B0027,0.9942024946212769,False
0.2,B0027,0.9912828207015991,False
0.01,B0027,0.9951499700546265,False
0.02,B0027,0.9949641227722168,False
0.05,B0027,0.9949678182601929,False
0.1,B0027,0.9949990510940552,False
0.2,B0027,0.9960764646530151,False
0.01,B0027,0.99649977684021,False
0.02,B0027,0.996595561504364,False
0.05,B0027,0.9965018630027771,False
0.1,B0027,0.9971036911010742,False
0.2,B0027,0.9965885877609253,False
0.01,B0027,0.9980183243751526,False
0.02,B0027,0.9977228045463562,False
0.05,B0027,0.9977234601974487,False
0.1,B0027,0.9976210594177246,False
0.2,B0027,0.9969108700752258,False
0.01,B0027,0.9968597888946533,False
0.02,B0027,0.9975926876068115,False
0.05,B0027,0.99853515625,False
0.1,B0027,0.9972317218780518,False
0.2,B0027,0.996957540512085,False
0.01,B0027,0.9937435388565063,False
0.02,B0027,0.9937447309494019,False
0.05,B0027,0.9937260150909424,False
0.1,B0027,0.9949263334274292,False
0.2,B0027,0.9947269558906555,False
0.01,B0031,0.9985407590866089,False
0.02,B0031,0.9985426664352417,False
0.05,B0031,0.9985403418540955,False
0.1,B0031,0.9985422492027283,False
0.2,B0031,0.9985275864601135,False
0.01,B0031,0.9998598098754883,False
0.02,B0031,0.9998573064804077,False
0.05,B0031,0.999858558177948,False
0.1,B0031,0.9998713731765747,False
0.2,B0031,0.9723188877105713,False
0.01,B0031,0.9997525215148926,False
0.02,B0031,0.9997529983520508,False
0.05,B0031,0.9997527599334717,False
0.1,B0031,0.9997450113296509,False
0.2,B0031,0.9997476935386658,False
0.01,B0031,0.9997297525405884,False
0.02,B0031,0.999730110168457,False
0.05,B0031,0.9997297525405884,False
0.1,B0031,0.9997290968894958,False
0.2,B0031,0.9997224807739258,False
0.01,B0031,0.9993448257446289,False
0.02,B0031,0.9993447661399841,False
0.05,B0031,0.9993430376052856,False
0.1,B0031,0.9993444681167603,False
0.2,B0031,0.9993442296981812,False
0.01,B0031,0.999642550945282,False
0.02,B0031,0.9996410608291626,False
0.05,B0031,0.9996411800384521,False
0.1,B0031,0.9995326995849609,False
0.2,B0031,0.9610861539840698,False
0.01,B0031,0.9988671541213989,False
0.02,B0031,0.9988672733306885,False
0.05,B0031,0.9988725781440735,False
0.1,B0031,0.9988689422607422,False
0.2,B0031,0.9988522529602051,False
0.01,B0031,0.9988884329795837,False
0.02,B0031,0.9988874197006226,False
0.05,B0031,0.9988884925842285,False
0.1,B0031,0.9988884925842285,False
0.2,B0031,0.9988791942596436,False
0.01,B0031,0.9979340434074402,False
0.02,B0031,0.9979559779167175,False
0.05,B0031,0.9979351758956909,False
0.1,B0031,0.9979357719421387,False
0.2,B0031,0.9979315996170044,False
0.01,B0031,0.9979572296142578,False
0.02,B0031,0.9978196024894714,False
0.05,B0031,0.9979833364486694,False
0.1,B0031,0.9980909824371338,False
0.2,B0031,0.9978018999099731,False
0.01,B0031,0.9980930089950562,False
0.02,B0031,0.9980932474136353,False
0.05,B0031,0.9980942010879517,False
0.1,B0031,0.9981411099433899,False
0.2,B0031,0.9980844259262085,False
0.01,B0031,0.9978097677230835,False
0.02,B0031,0.9978103041648865,False
0.05,B0031,0.9978127479553223,False
0.1,B0031,0.9978114366531372,False
0.2,B0031,0.9982795715332031,False
0.01,B0031,0.9977754354476929,False
0.02,B0031,0.9977758526802063,False
0.05,B0031,0.9977966547012329,False
0.1,B0031,0.9977778196334839,False
0.2,B0031,0.9977675676345825,False
0.01,B0031,0.9976837038993835,False
0.02,B0031,0.9976636171340942,False
0.05,B0031,0.99766606092453,False
0.1,B0031,0.9976793527603149,False
0.2,B0031,0.9976455569267273,False
0.01,B0031,0.9978275299072266,False
0.02,B0031,0.9978219866752625,False
0.05,B0031,0.9978253841400146,False
0.1,B0031,0.9983371496200562,False
0.2,B0031,0.9978170990943909,False
0.01,B0031,0.9997009038925171,False
0.02,B0031,0.9996412992477417,False
0.05,B0031,0.9996944665908813,False
0.1,B0031,0.9996949434280396,False
0.2,B0031,0.9995400905609131,False
0.01,B0031,0.9977825284004211,False
0.02,B0031,0.9977812767028809,False
0.05,B0031,0.9977796673774719,False
0.1,B0031,0.9977878332138062,False
0.2,B0031,0.9977489709854126,False
0.01,B0031,0.997855544090271,False
0.02,B0031,0.9978557229042053,False
0.05,B0031,0.9978579878807068,False
0.1,B0031,0.9978905916213989,False
0.2,B0031,0.9978089332580566,False
0.01,B0031,0.9977511167526245,False
0.02,B0031,0.9977511167526245,False
0.05,B0031,0.9978348016738892,False
0.1,B0031,0.9977602958679199,False
0.2,B0031,0.9983404278755188,False
0.01,B0031,0.9979137182235718,False
0.02,B0031,0.9979011416435242,False
0.05,B0031,0.9979032278060913,False
0.1,B0031,0.9979087114334106,False
0.2,B0031,0.9978824853897095,False
0.01,B0031,0.9979502558708191,False
0.02,B0031,0.9978232383728027,False
0.05,B0031,0.9979010224342346,False
0.1,B0031,0.9978271722793579,False
0.2,B0031,0.9978189468383789,False
0.01,B0031,0.9979004859924316,False
0.02,B0031,0.9979028701782227,False
0.05,B0031,0.9979075193405151,False
0.1,B0031,0.9979385733604431,False
0.2,B0031,0.9978961944580078,False
0.01,B0031,0.9977844953536987,False
0.02,B0031,0.997784435749054,False
0.05,B0031,0.9977848529815674,False
0.1,B0031,0.9977867603302002,False
0.2,B0031,0.9977712631225586,False
0.01,B0031,0.9979530572891235,False
0.02,B0031,0.9979280829429626,False
0.05,B0031,0.997931957244873,False
0.1,B0031,0.9979546070098877,False
0.2,B0031,0.998020350933075,False
0.01,B0031,0.9979609847068787,False
0.02,B0031,0.9979610443115234,False
0.05,B0031,0.9979634284973145,False
0.1,B0031,0.9979633688926697,False
0.2,B0031,0.9979453086853027,False
0.01,B0031,0.9980815649032593,False
0.02,B0031,0.9980885982513428,False
0.05,B0031,0.9980815649032593,False
0.1,B0031,0.9980824589729309,False
0.2,B0031,0.998069703578949,False
0.01,B0031,0.9976456165313721,False
0.02,B0031,0.9976475238800049,False
0.05,B0031,0.9976701736450195,False
0.1,B0031,0.9976516962051392,False
0.2,B0031,0.9978402256965637,False
0.01,B0031,0.9978805780410767,False
0.02,B0031,0.9978718757629395,False
0.05,B0031,0.9978752136230469,False
0.1,B0031,0.9979962706565857,False
0.2,B0031,0.9978748559951782,False
0.01,B0031,0.9976390600204468,False
0.02,B0031,0.9976393580436707,False
0.05,B0031,0.9976437091827393,False
0.1,B0031,0.9976450800895691,False
0.2,B0031,0.9976314902305603,False
0.01,B0031,0.9978605508804321,False
0.02,B0031,0.9977213740348816,False
0.05,B0031,0.9977213144302368,False
0.1,B0031,0.9977148175239563,False
0.2,B0031,0.9977306723594666,False
0.01,B0031,0.9977803826332092,False
0.02,B0031,0.997909665107727,False
0.05,B0031,0.9977803826332092,False
0.1,B0031,0.9977835416793823,False
0.2,B0031,0.9977564811706543,False
0.01,B0031,0.9979107975959778,False
0.02,B0031,0.9979100227355957,False
0.05,B0031,0.9979395270347595,False
0.1,B0031,0.998263955116272,False
0.2,B0031,0.9978901147842407,False
0.01,B0031,0.9980146884918213,False
0.02,B0031,0.9980295300483704,False
0.05,B0031,0.998013973236084,False
0.1,B0031,0.9980161190032959,False
0.2,B0031,0.9979896545410156,False
0.01,B0031,0.9979833364486694,False
0.02,B0031,0.9979833960533142,False
0.05,B0031,0.9979852437973022,False
0.1,B0031,0.9983818531036377,False
0.2,B0031,0.9970905780792236,False
0.01,B0031,0.9979220628738403,False
0.02,B0031,0.9979265928268433,False
0.05,B0031,0.9979183673858643,False
0.1,B0031,0.9979245662689209,False
0.2,B0031,0.9982116222381592,False
0.01,B0031,0.9980805516242981,False
0.02,B0031,0.9980849027633667,False
0.05,B0031,0.998077392578125,False
0.1,B0031,0.9980783462524414,False
0.2,B0031,0.9923679828643799,False
0.01,B0031,0.9981415271759033,False
0.02,B0031,0.9979952573776245,False
0.05,B0031,0.9979923963546753,False
0.1,B0031,0.9980286359786987,False
0.2,B0031,0.9979775547981262,False
0.01,B0031,0.9977464079856873,False
0.02,B0031,0.9977431893348694,False
0.05,B0031,0.9977487325668335,False
0.1,B0031,0.9978107213973999,False
0.2,B0031,0.9976097345352173,False
0.01,B0031,0.9977936744689941,False
0.02,B0031,0.9977953433990479,False
0.05,B0031,0.9977959394454956,False
0.1,B0031,0.9978018999099731,False
0.2,B0031,0.9977889060974121,False
0.01,B0031,0.9977878332138062,False
0.02,B0031,0.9977878332138062,False
0.05,B0031,0.9977843761444092,False
0.1,B0031,0.997800886631012,False
0.2,B0031,0.9977740049362183,False
0.01,B0042,0.9945655465126038,False
0.02,B0042,0.9945682883262634,False
0.05,B0042,0.9944436550140381,False
0.1,B0042,0.9948388934135437,False
0.2,B0042,0.9741986989974976,False
0.01,B0042,0.9997959136962891,False
0.02,B0042,0.999088704586029,False
0.05,B0042,0.9997952580451965,False
0.1,B0042,0.9997954964637756,False
0.2,B0042,0.9772553443908691,False
0.01,B0042,0.9990854263305664,False
0.02,B0042,0.9990808963775635,False
0.05,B0042,0.9990836977958679,False
0.1,B0042,0.9990214705467224,False
0.2,B0042,0.9983537793159485,False
0.01,B0042,0.9986223578453064,False
0.02,B0042,0.9984116554260254,False
0.05,B0042,0.9983938932418823,False
0.1,B0042,0.9983859062194824,False
0.2,B0042,0.9984641075134277,False
0.01,B0042,0.9992100596427917,False
0.02,B0042,0.9989601373672485,False
0.05,B0042,0.9989632964134216,False
0.1,B0042,0.99014812707901,False
0.2,B0042,0.9989777207374573,False
0.01,B0042,0.9767169952392578,False
0.02,B0042,0.976729154586792,False
0.05,B0042,0.9767265915870667,False
0.1,B0042,0.976754903793335,False
0.2,B0042,0.9778215289115906,False
0.01,B0042,0.9952690005302429,False
0.02,B0042,0.9952508211135864,False
0.05,B0042,0.9952729940414429,False
0.1,B0042,0.9952919483184814,False
0.2,B0042,0.995361328125,False
0.01,B0042,0.9964988827705383,False
0.02,B0042,0.9964898228645325,False
0.05,B0042,0.9966405630111694,False
0.1,B0042,0.9964627027511597,False
0.2,B0042,0.9964046478271484,False
0.01,B0042,0.9939908981323242,False
0.02,B0042,0.9941973686218262,False
0.05,B0042,0.9939759969711304,False
0.1,B0042,0.9939795732498169,False
0.2,B0042,0.9941624402999878,False
0.01,B0042,0.9908214807510376,False
0.02,B0042,0.9908097982406616,False
0.05,B0042,0.9907911419868469,False
0.1,B0042,0.9902443885803223,False
0.2,B0042,0.990899920463562,False
0.01,B0042,0.9887404441833496,False
0.02,B0042,0.9887210726737976,False
0.05,B0042,0.9887576103210449,False
0.1,B0042,0.9887112975120544,False
0.2,B0042,0.9864873886108398,False
0.01,B0042,0.9887977838516235,False
0.02,B0042,0.9887579083442688,False
0.05,B0042,0.9886209964752197,False
0.1,B0042,0.9884033203125,False
0.2,B0042,0.9889106750488281,False
0.01,B0042,0.9884135723114014,False
0.02,B0042,0.9884229898452759,False
0.05,B0042,0.988410234451294,False
0.1,B0042,0.9882392287254333,False
0.2,B0042,0.9870621562004089,False
0.01,B0042,0.9866495132446289,False
0.02,B0042,0.9866655468940735,False
0.05,B0042,0.9866584539413452,False
0.1,B0042,0.9865589737892151,False
0.2,B0042,0.9860045909881592,False
0.01,B0042,0.9859287142753601,False
0.02,B0042,0.9859617352485657,False
0.05,B0042,0.9898452162742615,False
0.1,B0042,0.9865729212760925,False
0.2,B0042,0.9864498376846313,False
0.01,B0042,0.984920859336853,False
0.02,B0042,0.9848775863647461,False
0.05,B0042,0.9849344491958618,False
0.1,B0042,0.984858512878418,False
0.2,B0042,0.9832710027694702,False
0.01,B0042,0.9850264191627502,False
0.02,B0042,0.9850133657455444,False
0.05,B0042,0.9850402474403381,False
0.1,B0042,0.9849492311477661,False
0.2,B0042,0.9851018190383911,False
0.01,B0042,0.9839591979980469,False
0.02,B0042,0.9836722612380981,False
0.05,B0042,0.9836910963058472,False
0.1,B0042,0.9895106554031372,False
0.2,B0042,0.9829232692718506,False
0.01,B0042,0.9838696718215942,False
0.02,B0042,0.983889102935791,False
0.05,B0042,0.9838677644729614,False
0.1,B0042,0.9862924814224243,False
0.2,B0042,0.9833836555480957,False
0.01,B0042,0.9830417633056641,False
0.02,B0042,0.9830038547515869,False
0.05,B0042,0.983028769493103,False
0.1,B0042,0.982947587966919,False
0.2,B0042,0.9823169708251953,False
0.01,B0042,0.9898293018341064,False
0.02,B0042,0.9898583292961121,False
0.05,B0042,0.9907636046409607,False
0.1,B0042,0.9896436929702759,False
0.2,B0042,0.9900121688842773,False
0.01,B0042,0.9967867732048035,False
0.02,B0042,0.9967892169952393,False
0.05,B0042,0.9967916011810303,False
0.1,B0042,0.9968042373657227,False
0.2,B0042,0.9968541860580444,False
0.01,B0042,0.9955346584320068,False
0.02,B0042,0.9955337643623352,False
0.05,B0042,0.9955342411994934,False
0.1,B0042,0.9955560564994812,False
0.2,B0042,0.9903311133384705,False
0.01,B0042,0.9969033002853394,False
0.02,B0042,0.9969001412391663,False
0.05,B0042,0.9969068765640259,False
0.1,B0042,0.9828579425811768,False
0.2,B0042,0.9968906044960022,False
0.01,B0042,0.9969544410705566,False
0.02,B0042,0.9969570636749268,False
0.05,B0042,0.9969186782836914,False
0.1,B0042,0.9969162940979004,False
0.2,B0042,0.9969937205314636,False
0.01,B0042,0.9967405796051025,False
0.02,B0042,0.9967396259307861,False
0.05,B0042,0.9967209100723267,False
0.1,B0042,0.9967007040977478,False
0.2,B0042,0.9967740774154663,False
0.01,B0042,0.9972695112228394,False
0.02,B0042,0.9972442984580994,False
0.05,B0042,0.9972472190856934,False
0.1,B0042,0.9972401857376099,False
0.2,B0042,0.9972273111343384,False
0.01,B0042,0.9923694133758545,False
0.02,B0042,0.9924980998039246,False
0.05,B0042,0.9924913644790649,False
0.1,B0042,0.992501974105835,False
0.2,B0042,0.9936742782592773,False
0.01,B0042,0.9936417937278748,False
0.02,B0042,0.9936404824256897,False
0.05,B0042,0.9936652183532715,False
0.1,B0042,0.9937938451766968,False
0.2,B0042,0.9940365552902222,False
0.01,B0042,0.9966664910316467,False
0.02,B0042,0.9966509342193604,False
0.05,B0042,0.9966320991516113,False
0.1,B0042,0.996648907661438,False
0.2,B0042,0.9966180324554443,False
0.01,B0042,0.9973758459091187,False
0.02,B0042,0.9973773956298828,False
0.05,B0042,0.9973639845848083,False
0.1,B0042,0.9973586201667786,False
0.2,B0042,0.9969080090522766,False
0.01,B0042,0.9966545104980469,False
0.02,B0042,0.9972689151763916,False
0.05,B0042,0.9966201782226562,False
0.1,B0042,0.9967641830444336,False
0.2,B0042,0.9967703819274902,False
0.01,B0042,0.9967207908630371,False
0.02,B0042,0.9967281818389893,False
0.05,B0042,0.9966934323310852,False
0.1,B0042,0.9967302083969116,False
0.2,B0042,0.9966463446617126,False
0.01,B0042,0.9968210458755493,False
0.02,B0042,0.9968221187591553,False
0.05,B0042,0.9968246221542358,False
0.1,B0042,0.9968100786209106,False
0.2,B0042,0.9967808127403259,False
0.01,B0042,0.9952154159545898,False
0.02,B0042,0.9952170848846436,False
0.05,B0042,0.9951883554458618,False
0.1,B0042,0.9951752424240112,False
0.2,B0042,0.9951730966567993,False
0.01,B0042,0.9909749031066895,False
0.02,B0042,0.9909728169441223,False
0.05,B0042,0.9909356236457825,False
0.1,B0042,0.9909069538116455,False
0.2,B0042,0.9894062280654907,False
0.01,B0042,0.990365207195282,False
0.02,B0042,0.9904018044471741,False
0.05,B0042,0.9902986288070679,False
0.1,B0042,0.9907232522964478,False
0.2,B0042,0.9900214672088623,False
0.01,B0042,0.9956511855125427,False
0.02,B0042,0.9956526756286621,False
0.05,B0042,0.9956278204917908,False
0.1,B0042,0.9956654906272888,False
0.2,B0042,0.9956958293914795,False
0.01,B0042,0.9966979622840881,False
0.02,B0042,0.9966979622840881,False
0.05,B0042,0.996664822101593,False
0.1,B0042,0.9966874718666077,False
0.2,B0042,0.9966378211975098,False
0.01,B0042,0.996423065662384,False
0.02,B0042,0.9964239001274109,False
0.05,B0042,0.9964161515235901,False
0.1,B0042,0.9963935017585754,False
0.2,B0042,0.9963566660881042,False
0.01,B0042,0.9923331141471863,False
0.02,B0042,0.9923716187477112,False
0.05,B0042,0.992316484451294,False
0.1,B0042,0.992291271686554,False
0.2,B0042,0.9922893643379211,False
0.01,B0042,0.5316977500915527,True
0.02,B0042,0.5317971110343933,True
0.05,B0042,0.5314342975616455,True
0.1,B0042,0.5317751169204712,True
0.2,B0042,0.5298215746879578,True
0.01,B0042,0.5346004962921143,True
0.02,B0042,0.534627377986908,True
0.05,B0042,0.5344988703727722,True
0.1,B0042,0.5338782668113708,True
0.2,B0042,0.5298489928245544,True
0.01,B0042,0.5336527228355408,True
0.02,B0042,0.5337522029876709,True
0.05,B0042,0.5335178375244141,True
0.1,B0042,0.5332556366920471,True
0.2,B0042,0.5342350602149963,True
0.01,B0042,0.5326988101005554,True
0.02,B0042,0.5323792099952698,True
0.05,B0042,0.5326708555221558,True
0.1,B0042,0.5321008563041687,True
0.2,B0042,0.5315175652503967,True
0.01,B0042,0.5302930474281311,True
0.02,B0042,0.5285412669181824,True
0.05,B0042,0.528448760509491,True
0.1,B0042,0.5283374786376953,True
0.2,B0042,0.525923490524292,True
0.01,B0042,0.5301828384399414,True
0.02,B0042,0.5301388502120972,True
0.05,B0042,0.5299229025840759,True
0.1,B0042,0.5298048257827759,True
0.2,B0042,0.5320214629173279,True
0.01,B0042,0.5301700234413147,True
0.02,B0042,0.5305368900299072,True
0.05,B0042,0.530523419380188,True
0.1,B0042,0.5279408097267151,True
0.2,B0042,0.5377940535545349,True
0.01,B0042,0.5226978659629822,True
0.02,B0042,0.5226706266403198,True
0.05,B0042,0.5224733352661133,True
0.1,B0042,0.5222501754760742,True
0.2,B0042,0.5235881805419922,True
0.01,B0042,0.6394826173782349,True
0.02,B0042,0.6389633417129517,True
0.05,B0042,0.6387657523155212,True
0.1,B0042,0.6393874883651733,True
0.2,B0042,0.6387097835540771,True
0.01,B0042,0.5015231370925903,True
0.02,B0042,0.5015109777450562,True
0.05,B0042,0.5013969540596008,True
0.1,B0042,0.5014587044715881,True
0.2,B0042,0.5206907987594604,True
0.01,B0042,0.5150928497314453,True
0.02,B0042,0.5152620673179626,True
0.05,B0042,0.5152774453163147,True
0.1,B0042,0.515532910823822,True
0.2,B0042,0.5147555470466614,True
0.01,B0042,0.51479172706604,True
0.02,B0042,0.5147304534912109,True
0.05,B0042,0.5147032737731934,True
0.1,B0042,0.5143461227416992,True
0.2,B0042,0.5134738683700562,True
0.01,B0042,0.5162394046783447,True
0.02,B0042,0.5161871910095215,True
0.05,B0042,0.5162044167518616,True
0.1,B0042,0.5156604647636414,True
0.2,B0042,0.5112406611442566,True
0.01,B0042,0.5028201341629028,True
0.02,B0042,0.5026244521141052,True
0.05,B0042,0.502814531326294,True
0.1,B0042,0.5015480518341064,True
0.2,B0042,0.500388503074646,True
0.01,B0042,0.5096098780632019,True
0.02,B0042,0.5093729496002197,True
0.05,B0042,0.5094855427742004,True
0.1,B0042,0.5093376636505127,True
0.2,B0042,0.5103129148483276,True
0.01,B0042,0.5109409689903259,True
0.02,B0042,0.5108669996261597,True
0.05,B0042,0.5108794569969177,True
0.1,B0042,0.5112423896789551,True
0.2,B0042,0.5094408988952637,True
0.01,B0042,0.5092825293540955,True
0.02,B0042,0.509273111820221,True
0.05,B0042,0.5084714889526367,True
0.1,B0042,0.5093571543693542,True
0.2,B0042,0.5093803405761719,True
0.01,B0042,0.5087227821350098,True
0.02,B0042,0.5087254047393799,True
0.05,B0042,0.508843719959259,True
0.1,B0042,0.5092765092849731,True
0.2,B0042,0.507214367389679,True
0.01,B0042,0.5050526857376099,True
0.02,B0042,0.5050520300865173,True
0.05,B0042,0.5050103068351746,True
0.1,B0042,0.5049591064453125,True
0.2,B0042,0.5032267570495605,True
0.01,B0042,0.5041391849517822,True
0.02,B0042,0.5041719079017639,True
0.05,B0042,0.5040925741195679,True
0.1,B0042,0.50662761926651,True
0.2,B0042,0.5231267213821411,True
0.01,B0042,0.5072840452194214,True
0.02,B0042,0.5072224736213684,True
0.05,B0042,0.5070339441299438,True
0.1,B0042,0.5078400373458862,True
0.2,B0042,0.5111191868782043,True
0.01,B0042,0.4963681399822235,True
0.02,B0042,0.49650219082832336,True
0.05,B0042,0.4964468479156494,True
0.1,B0042,0.4993322491645813,True
0.2,B0042,0.5002294778823853,True
0.01,B0042,0.6360279321670532,True
0.02,B0042,0.6362533569335938,True
0.05,B0042,0.6361113786697388,True
0.1,B0042,0.6363368034362793,True
0.2,B0042,0.6368193626403809,True
0.01,B0042,0.6458792686462402,True
0.02,B0042,0.6460174322128296,True
0.05,B0042,0.6458587646484375,True
0.1,B0042,0.6467490792274475,True
0.2,B0042,0.6455285549163818,True
0.01,B0042,0.6433512568473816,True
0.02,B0042,0.6433755159378052,True
0.05,B0042,0.6431950330734253,True
0.1,B0042,0.6434594392776489,True
0.2,B0042,0.6420473456382751,True
0.01,B0042,0.5006823539733887,True
0.02,B0042,0.5006954669952393,True
0.05,B0042,0.5006062388420105,True
0.1,B0042,0.5004636645317078,True
0.2,B0042,0.4997662305831909,True
0.01,B0042,0.4883292615413666,True
0.02,B0042,0.48831906914711,True
0.05,B0042,0.4883977770805359,True
0.1,B0042,0.4877856373786926,True
0.2,B0042,0.5088697671890259,True
0.01,B0042,0.4969828724861145,True
0.02,B0042,0.4968966841697693,True
0.05,B0042,0.49699127674102783,True
0.1,B0042,0.4968692660331726,True
0.2,B0042,0.5158520936965942,True
0.01,B0042,0.6313230395317078,True
0.02,B0042,0.6314165592193604,True
0.05,B0042,0.6313635110855103,True
0.1,B0042,0.6315956711769104,True
0.2,B0042,0.6307433843612671,True
0.01,B0042,0.4719279408454895,True
0.02,B0042,0.47190535068511963,True
0.05,B0042,0.471861869096756,True
0.1,B0042,0.47104090452194214,True
0.2,B0042,0.47143426537513733,True
0.01,B0042,0.48565608263015747,True
0.02,B0042,0.4857335090637207,True
0.05,B0042,0.48564571142196655,True
0.1,B0042,0.48522958159446716,True
0.2,B0042,0.4996371865272522,True
0.01,B0042,0.48170772194862366,True
0.02,B0042,0.4816502332687378,True
0.05,B0042,0.48118552565574646,True
0.1,B0042,0.48165303468704224,True
0.2,B0042,0.4816277027130127,True
0.01,B0042,0.48305290937423706,True
0.02,B0042,0.4820161461830139,True
0.05,B0042,0.4819399118423462,True
0.1,B0042,0.4820273816585541,True
0.2,B0042,0.4879557490348816,True
0.01,B0042,0.4740563929080963,True
0.02,B0042,0.4742740988731384,True
0.05,B0042,0.4741601049900055,True
0.1,B0042,0.47338831424713135,True
0.2,B0042,0.4902856647968292,True
0.01,B0042,0.46916335821151733,True
0.02,B0042,0.46923771500587463,True
0.05,B0042,0.4691007435321808,True
0.1,B0042,0.46924111247062683,True
0.2,B0042,0.46893110871315,True
0.01,B0042,0.4735267162322998,True
0.02,B0042,0.4735449552536011,True
0.05,B0042,0.47356170415878296,True
0.1,B0042,0.4731496572494507,True
0.2,B0042,0.4738408625125885,True
0.01,B0042,0.46877968311309814,True
0.02,B0042,0.4688209295272827,True
0.05,B0042,0.46849942207336426,True
0.1,B0042,0.46869438886642456,True
0.2,B0042,0.46639716625213623,True
0.01,B0042,0.47492992877960205,True
0.02,B0042,0.47487014532089233,True
0.05,B0042,0.4749324321746826,True
0.1,B0042,0.4748902916908264,True
0.2,B0042,0.47225111722946167,True
0.01,B0042,0.5277218818664551,True
0.02,B0042,0.5280283689498901,True
0.05,B0042,0.527369499206543,True
0.1,B0042,0.527714192867279,True
0.2,B0042,0.5276128649711609,True
0.01,B0042,0.5986842513084412,True
0.02,B0042,0.5986270308494568,True
0.05,B0042,0.598784327507019,True
0.1,B0042,0.5977559089660645,True
0.2,B0042,0.6114491820335388,True
0.01,B0042,0.8329571485519409,False
0.02,B0042,0.8329706788063049,False
0.05,B0042,0.8329161405563354,False
0.1,B0042,0.832883894443512,False
0.2,B0042,0.8305694460868835,False
0.01,B0042,0.840226411819458,False
0.02,B0042,0.840228259563446,False
0.05,B0042,0.8402329683303833,False
0.1,B0042,0.8401718735694885,False
0.2,B0042,0.8404247164726257,False
0.01,B0042,0.8440768122673035,False
0.02,B0042,0.8440696001052856,False
0.05,B0042,0.8440296053886414,False
0.1,B0042,0.8439530730247498,False
0.2,B0042,0.844782829284668,False
0.01,B0042,0.8310922384262085,False
0.02,B0042,0.8311203122138977,False
0.05,B0042,0.8310423493385315,False
0.1,B0042,0.8309081792831421,False
0.2,B0042,0.8305140733718872,False
0.01,B0042,0.8376549482345581,False
0.02,B0042,0.8376720547676086,False
0.05,B0042,0.8376657962799072,False
0.1,B0042,0.837483286857605,False
0.2,B0042,0.8375279307365417,False
0.01,B0042,0.8424584269523621,False
0.02,B0042,0.8424898386001587,False
0.05,B0042,0.8424166440963745,False
0.1,B0042,0.8423135280609131,False
0.2,B0042,0.8422683477401733,False
0.01,B0042,0.8098140954971313,False
0.02,B0042,0.8094918727874756,False
0.05,B0042,0.8106557726860046,False
0.1,B0042,0.8095558881759644,False
0.2,B0042,0.8152785301208496,False
0.01,B0042,0.7761713862419128,True
0.02,B0042,0.7755569219589233,True
0.05,B0042,0.7755969762802124,True
0.1,B0042,0.780021071434021,False
0.2,B0042,0.7750954627990723,True
0.01,B0042,0.7734339237213135,True
0.02,B0042,0.7735108733177185,True
0.05,B0042,0.7743850946426392,True
0.1,B0042,0.7735370993614197,True
0.2,B0042,0.7735203504562378,True
0.01,B0042,0.7648731470108032,True
0.02,B0042,0.7645668983459473,True
0.05,B0042,0.7641481757164001,True
0.1,B0042,0.7649155855178833,True
0.2,B0042,0.7680950164794922,True
0.01,B0042,0.7494778037071228,True
0.02,B0042,0.749923586845398,True
0.05,B0042,0.7490811944007874,True
0.1,B0042,0.7433179020881653,True
0.2,B0042,0.741041898727417,True
0.01,B0042,0.7451209425926208,True
0.02,B0042,0.744612991809845,True
0.05,B0042,0.7439907789230347,True
0.1,B0042,0.7449244260787964,True
0.2,B0042,0.7391003370285034,True
0.01,B0042,0.7447741031646729,True
0.02,B0042,0.744661271572113,True
0.05,B0042,0.7447399497032166,True
0.1,B0042,0.7447788715362549,True
0.2,B0042,0.7437126636505127,True
0.01,B0042,0.7491803169250488,True
0.02,B0042,0.7490314841270447,True
0.05,B0042,0.7489770650863647,True
0.1,B0042,0.7477523684501648,True
0.2,B0042,0.7322432994842529,True
0.01,B0042,0.7418701648712158,True
0.02,B0042,0.7418928146362305,True
0.05,B0042,0.7426494359970093,True
0.1,B0042,0.7398726344108582,True
0.2,B0042,0.7408825755119324,True
0.01,B0042,0.7399370074272156,True
0.02,B0042,0.7401260137557983,True
0.05,B0042,0.7387709617614746,True
0.1,B0042,0.7402337789535522,True
0.2,B0042,0.7399871945381165,True
0.01,B0042,0.7348203659057617,True
0.02,B0042,0.7348243594169617,True
0.05,B0042,0.7347432971000671,True
0.1,B0042,0.734765350818634,True
0.2,B0042,0.7365220189094543,True
0.01,B0042,0.7388796210289001,True
0.02,B0042,0.7388659119606018,True
0.05,B0042,0.7388623356819153,True
0.1,B0042,0.737655520439148,True
0.2,B0042,0.7265427708625793,True
0.01,B0042,0.7410109043121338,True
0.02,B0042,0.7406025528907776,True
0.05,B0042,0.7402153015136719,True
0.1,B0042,0.7389692664146423,True
0.2,B0042,0.7425764799118042,True
0.01,B0042,0.7421779632568359,True
0.02,B0042,0.7422730922698975,True
0.05,B0042,0.7401784062385559,True
0.1,B0042,0.7410867214202881,True
0.2,B0042,0.7116109728813171,True
0.01,B0042,0.7480678558349609,True
0.02,B0042,0.7484766244888306,True
0.05,B0042,0.7465633153915405,True
0.1,B0042,0.7438213229179382,True
0.2,B0042,0.7617810964584351,True
0.01,B0042,0.7351994514465332,True
0.02,B0042,0.7352348566055298,True
0.05,B0042,0.7350912094116211,True
0.1,B0042,0.7351655960083008,True
0.2,B0042,0.7434585690498352,True
0.01,B0042,0.7392371892929077,True
0.02,B0042,0.7393181920051575,True
0.05,B0042,0.7391698360443115,True
0.1,B0042,0.7393070459365845,True
0.2,B0042,0.7524386048316956,True
0.01,B0042,0.7350536584854126,True
0.02,B0042,0.7352014183998108,True
0.05,B0042,0.7305409908294678,True
0.1,B0042,0.7352383732795715,True
0.2,B0042,0.7492087483406067,True
0.01,B0042,0.7355443835258484,True
0.02,B0042,0.7321608066558838,True
0.05,B0042,0.7273191213607788,True
0.1,B0042,0.7377750873565674,True
0.2,B0042,0.7360131740570068,True
0.01,B0042,0.7316350936889648,True
0.02,B0042,0.7316014766693115,True
0.05,B0042,0.7303676009178162,True
0.1,B0042,0.7314944863319397,True
0.2,B0042,0.7350359559059143,True
0.01,B0042,0.7247019410133362,True
0.02,B0042,0.7238280773162842,True
0.05,B0042,0.7247212529182434,True
0.1,B0042,0.7246531844139099,True
0.2,B0042,0.7218495607376099,True
0.01,B0042,0.724103569984436,True
0.02,B0042,0.7259671092033386,True
0.05,B0042,0.7262119054794312,True
0.1,B0042,0.7207570672035217,True
0.2,B0042,0.7396625280380249,True
0.01,B0042,0.729718804359436,True
0.02,B0042,0.7298764586448669,True
0.05,B0042,0.7298949956893921,True
0.1,B0042,0.7356837391853333,True
0.2,B0042,0.7319285273551941,True
0.01,B0042,0.7315932512283325,True
0.02,B0042,0.7315633296966553,True
0.05,B0042,0.7315151691436768,True
0.1,B0042,0.7362246513366699,True
0.2,B0042,0.7388893365859985,True
0.01,B0042,0.7297453880310059,True
0.02,B0042,0.7290652990341187,True
0.05,B0042,0.7295176386833191,True
0.1,B0042,0.7274205684661865,True
0.2,B0042,0.7258548140525818,True
0.01,B0048,0.9973915219306946,False
0.02,B0048,0.9973244667053223,False
0.05,B0048,0.997420072555542,False
0.1,B0048,0.9967872500419617,False
0.2,B0048,0.9942899942398071,False
0.01,B0048,0.9990170001983643,False
0.02,B0048,0.9990211725234985,False
0.05,B0048,0.9989981651306152,False
0.1,B0048,0.999022364616394,False
0.2,B0048,0.9997979402542114,False
0.01,B0048,0.9989159107208252,False
0.02,B0048,0.9991552233695984,False
0.05,B0048,0.9989883899688721,False
0.1,B0048,0.9989308714866638,False
0.2,B0048,0.9976240992546082,False
0.01,B0048,0.9998810291290283,False
0.02,B0048,0.999882698059082,False
0.05,B0048,0.9998854398727417,False
0.1,B0048,0.9998685121536255,False
0.2,B0048,0.9995086193084717,False
0.01,B0048,0.9998517036437988,False
0.02,B0048,0.9998587369918823,False
0.05,B0048,0.9998584985733032,False
0.1,B0048,0.9998596906661987,False
0.2,B0048,0.9988548755645752,False
0.01,B0048,0.9997048377990723,False
0.02,B0048,0.9996933341026306,False
0.05,B0048,0.9996901750564575,False
0.1,B0048,0.9994268417358398,False
0.2,B0048,0.999802827835083,False
0.01,B0048,0.999596357345581,False
0.02,B0048,0.9995917081832886,False
0.05,B0048,0.9995290040969849,False
0.1,B0048,0.999567449092865,False
0.2,B0048,0.9823083877563477,False
0.01,B0048,0.999566376209259,False
0.02,B0048,0.9995675086975098,False
0.05,B0048,0.9995678663253784,False
0.1,B0048,0.9995354413986206,False
0.2,B0048,0.9996902942657471,False
0.01,B0048,0.9998157024383545,False
0.02,B0048,0.9998071789741516,False
0.05,B0048,0.9998093843460083,False
0.1,B0048,0.999762773513794,False
0.2,B0048,0.9994800090789795,False
0.01,B0048,0.9992282390594482,False
0.02,B0048,0.9992573261260986,False
0.05,B0048,0.9992508292198181,False
0.1,B0048,0.9994037747383118,False
0.2,B0048,0.9995086193084717,False
0.01,B0048,0.9994611740112305,False
0.02,B0048,0.9994620680809021,False
0.05,B0048,0.9994480609893799,False
0.1,B0048,0.9994527101516724,False
0.2,B0048,0.9916241765022278,False
0.01,B0048,0.9989936947822571,False
0.02,B0048,0.9989993572235107,False
0.05,B0048,0.999006986618042,False
0.1,B0048,0.9965078234672546,False
0.2,B0048,0.9975395202636719,False
0.01,B0048,0.9993820190429688,False
0.02,B0048,0.9994091391563416,False
0.05,B0048,0.9993762969970703,False
0.1,B0048,0.9992385506629944,False
0.2,B0048,0.9985561370849609,False
0.01,B0048,0.9991186261177063,False
0.02,B0048,0.9991137981414795,False
0.05,B0048,0.9991176128387451,False
0.1,B0048,0.9984304904937744,False
0.2,B0048,0.999335527420044,False
0.01,B0048,0.9993528127670288,False
0.02,B0048,0.9993423223495483,False
0.05,B0048,0.9993358850479126,False
0.1,B0048,0.9985858798027039,False
0.2,B0048,0.999467134475708,False
0.01,B0048,0.9989497065544128,False
0.02,B0048,0.9989875555038452,False
0.05,B0048,0.9989903569221497,False
0.1,B0048,0.9989632368087769,False
0.2,B0048,0.9988446235656738,False
0.01,B0048,0.9987730383872986,False
0.02,B0048,0.998776912689209,False
0.05,B0048,0.9987736940383911,False
0.1,B0048,0.99442458152771,False
0.2,B0048,0.9965769648551941,False
0.01,B0048,0.9975491166114807,False
0.02,B0048,0.9975123405456543,False
0.05,B0048,0.9975561499595642,False
0.1,B0048,0.9949719309806824,False
0.2,B0048,0.9986963868141174,False
0.01,B0048,0.995991587638855,False
0.02,B0048,0.994134783744812,False
0.05,B0048,0.9959556460380554,False
0.1,B0048,0.9967125058174133,False
0.2,B0048,0.9923582077026367,False
0.01,B0048,0.9713127613067627,False
0.02,B0048,0.971310019493103,False
0.05,B0048,0.9713085889816284,False
0.1,B0048,0.9714667797088623,False
0.2,B0048,0.9713523983955383,False
0.01,B0048,0.9935337901115417,False
0.02,B0048,0.993437647819519,False
0.05,B0048,0.9935716986656189,False
0.1,B0048,0.9926348924636841,False
0.2,B0048,0.965918242931366,False
0.01,B0048,0.9934978485107422,False
0.02,B0048,0.9933973550796509,False
0.05,B0048,0.9935072660446167,False
0.1,B0048,0.9934017658233643,False
0.2,B0048,0.9924951195716858,False
0.01,B0048,0.9958525896072388,False
0.02,B0048,0.9958460330963135,False
0.05,B0048,0.9958439469337463,False
0.1,B0048,0.9948329925537109,False
0.2,B0048,0.9968822002410889,False
0.01,B0048,0.9936000108718872,False
0.02,B0048,0.9937323331832886,False
0.05,B0048,0.9937750697135925,False
0.1,B0048,0.9950147271156311,False
0.2,B0048,0.9882811307907104,False
0.01,B0048,0.9962895512580872,False
0.02,B0048,0.9962921142578125,False
0.05,B0048,0.9962841868400574,False
0.1,B0048,0.9952874779701233,False
0.2,B0048,0.9954710006713867,False
0.01,B0048,0.9928807616233826,False
0.02,B0048,0.9929367303848267,False
0.05,B0048,0.9929342269897461,False
0.1,B0048,0.9935399293899536,False
0.2,B0048,0.991199791431427,False
0.01,B0048,0.9935164451599121,False
0.02,B0048,0.993523359298706,False
0.05,B0048,0.9953197240829468,False
0.1,B0048,0.9918153882026672,False
0.2,B0048,0.9833558797836304,False
0.01,B0048,0.995412290096283,False
0.02,B0048,0.9953495860099792,False
0.05,B0048,0.9952833652496338,False
0.1,B0048,0.9951887726783752,False
0.2,B0048,0.9968324899673462,False
0.01,B0048,0.9926559925079346,False
0.02,B0048,0.9927186965942383,False
0.05,B0048,0.9926450252532959,False
0.1,B0048,0.9924734234809875,False
0.2,B0048,0.990641713142395,False
0.01,B0048,0.9949278235435486,False
0.02,B0048,0.9949172735214233,False
0.05,B0048,0.994912326335907,False
0.1,B0048,0.9948822259902954,False
0.2,B0048,0.9957910776138306,False
0.01,B0048,0.9949072003364563,False
0.02,B0048,0.993508517742157,False
0.05,B0048,0.9949995279312134,False
0.1,B0048,0.994981050491333,False
0.2,B0048,0.9956328868865967,False
0.01,B0048,0.9944483041763306,False
0.02,B0048,0.9944594502449036,False
0.05,B0048,0.9944671392440796,False
0.1,B0048,0.9944120049476624,False
0.2,B0048,0.9952061772346497,False
0.01,B0048,0.9948812127113342,False
0.02,B0048,0.995022177696228,False
0.05,B0048,0.9951738119125366,False
0.1,B0048,0.9949691295623779,False
0.2,B0048,0.9949275851249695,False
0.01,B0048,0.9977803230285645,False
0.02,B0048,0.997791051864624,False
0.05,B0048,0.9977626204490662,False
0.1,B0048,0.9977126717567444,False
0.2,B0048,0.9970574378967285,False
0.01,B0048,0.9978551864624023,False
0.02,B0048,0.9978691935539246,False
0.05,B0048,0.9978646636009216,False
0.1,B0048,0.9976745843887329,False
0.2,B0048,0.9843011498451233,False
0.01,B0048,0.9973366260528564,False
0.02,B0048,0.9973334074020386,False
0.05,B0048,0.9973304867744446,False
0.1,B0048,0.9972410798072815,False
0.2,B0048,0.9977319240570068,False
0.01,B0048,0.9981262683868408,False
0.02,B0048,0.9981424808502197,False
0.05,B0048,0.9981586933135986,False
0.1,B0048,0.9979544878005981,False
0.2,B0048,0.9980725646018982,False
0.01,B0048,0.9967961311340332,False
0.02,B0048,0.9968062043190002,False
0.05,B0048,0.9968067407608032,False
0.1,B0048,0.996914803981781,False
0.2,B0048,0.997835636138916,False
0.01,B0048,0.9973622560501099,False
0.02,B0048,0.9973210692405701,False
0.05,B0048,0.9963755011558533,False
0.1,B0048,0.9970738887786865,False
0.2,B0048,0.9968644976615906,False
0.01,B0048,0.9960491061210632,False
0.02,B0048,0.9960325956344604,False
0.05,B0048,0.996289849281311,False
0.1,B0048,0.996356189250946,False
0.2,B0048,0.9951868057250977,False
0.01,B0048,0.997098445892334,False
0.02,B0048,0.997098445892334,False
0.05,B0048,0.9970805048942566,False
0.1,B0048,0.99713134765625,False
0.2,B0048,0.9971193671226501,False
0.01,B0048,0.9962652921676636,False
0.02,B0048,0.9962672591209412,False
0.05,B0048,0.9962564706802368,False
0.1,B0048,0.9965404272079468,False
0.2,B0048,0.9861109256744385,False
0.01,B0048,0.9965025186538696,False
0.02,B0048,0.9965099692344666,False
0.05,B0048,0.9964950680732727,False
0.1,B0048,0.996617317199707,False
0.2,B0048,0.9917291402816772,False
0.01,B0048,0.9966100454330444,False
0.02,B0048,0.9966133832931519,False
0.05,B0048,0.9963805079460144,False
0.1,B0048,0.996586263179779,False
0.2,B0048,0.9940444231033325,False
0.01,B0048,0.9959504008293152,False
0.02,B0048,0.9959592819213867,False
0.05,B0048,0.9960444569587708,False
0.1,B0048,0.9959246516227722,False
0.2,B0048,0.9942020177841187,False
0.01,B0048,0.9949355721473694,False
0.02,B0048,0.9948948621749878,False
0.05,B0048,0.9948880672454834,False
0.1,B0048,0.9948110580444336,False
0.2,B0048,0.9959277510643005,False
0.01,B0048,0.9950695633888245,False
0.02,B0048,0.9952312111854553,False
0.05,B0048,0.9948763251304626,False
0.1,B0048,0.9950478076934814,False
0.2,B0048,0.9943215847015381,False
0.01,B0048,0.9961904883384705,False
0.02,B0048,0.9961716532707214,False
0.05,B0048,0.9961731433868408,False
0.1,B0048,0.9961418509483337,False
0.2,B0048,0.9964165687561035,False
0.01,B0048,0.9954993724822998,False
0.02,B0048,0.9955247044563293,False
0.05,B0048,0.9955039620399475,False
0.1,B0048,0.9954321384429932,False
0.2,B0048,0.995206356048584,False
0.01,B0048,0.9945863485336304,False
0.02,B0048,0.9945918321609497,False
0.05,B0048,0.99457848072052,False
0.1,B0048,0.9944126009941101,False
0.2,B0048,0.9946328401565552,False
0.01,B0048,0.9962028861045837,False
0.02,B0048,0.9962108135223389,False
0.05,B0048,0.9961940050125122,False
0.1,B0048,0.9961821436882019,False
0.2,B0048,0.9849128127098083,False
0.01,B0048,0.992247462272644,False
0.02,B0048,0.9922527074813843,False
0.05,B0048,0.9922338724136353,False
0.1,B0048,0.9913898706436157,False
0.2,B0048,0.9923278093338013,False
0.01,B0048,0.9956482648849487,False
0.02,B0048,0.9956667423248291,False
0.05,B0048,0.9956486821174622,False
0.1,B0048,0.9956132173538208,False
0.2,B0048,0.9954533576965332,False
0.01,B0048,0.9957706928253174,False
0.02,B0048,0.9957643747329712,False
0.05,B0048,0.9958462715148926,False
0.1,B0048,0.9949072003364563,False
0.2,B0048,0.9972829818725586,False
0.01,B0048,0.9958720207214355,False
0.02,B0048,0.9959288835525513,False
0.05,B0048,0.9952792525291443,False
0.1,B0048,0.9958043694496155,False
0.2,B0048,0.9966608285903931,False
0.01,B0048,0.992211103439331,False
0.02,B0048,0.9921006560325623,False
0.05,B0048,0.9920675754547119,False
0.1,B0048,0.993008017539978,False
0.2,B0048,0.9939373135566711,False
0.01,B0048,0.992689847946167,False
0.02,B0048,0.9928197860717773,False
0.05,B0048,0.9927091598510742,False
0.1,B0048,0.9929836988449097,False
0.2,B0048,0.9887433052062988,False
0.01,B0048,0.9917622804641724,False
0.02,B0048,0.9916713237762451,False
0.05,B0048,0.9915001392364502,False
0.1,B0048,0.9915313124656677,False
0.2,B0048,0.9918363094329834,False
0.01,B0048,0.9864121079444885,False
0.02,B0048,0.9863157272338867,False
0.05,B0048,0.986464262008667,False
0.1,B0048,0.9850138425827026,False
0.2,B0048,0.9896537661552429,False
0.01,B0048,0.9853841662406921,False
0.02,B0048,0.9855117201805115,False
0.05,B0048,0.985236644744873,False
0.1,B0048,0.9854189157485962,False
0.2,B0048,0.9798538684844971,False
0.01,B0048,0.9860518574714661,False
0.02,B0048,0.9860091209411621,False
0.05,B0048,0.9859825372695923,False
0.1,B0048,0.9850962162017822,False
0.2,B0048,0.988459587097168,False
0.01,B0048,0.9847719669342041,False
0.02,B0048,0.984778642654419,False
0.05,B0048,0.9856271743774414,False
0.1,B0048,0.9849416017532349,False
0.2,B0048,0.9889369606971741,False
0.01,B0048,0.9831280708312988,False
0.02,B0048,0.9830217957496643,False
0.05,B0048,0.9830598831176758,False
0.1,B0048,0.9815171360969543,False
0.2,B0048,0.9821997284889221,False
0.01,B0048,0.9854119420051575,False
0.02,B0048,0.9854404330253601,False
0.05,B0048,0.9852014780044556,False
0.1,B0048,0.9856770634651184,False
0.2,B0048,0.9860202670097351,False
0.01,B0048,0.9848858118057251,False
0.02,B0048,0.9848527908325195,False
0.05,B0048,0.9848805069923401,False
0.1,B0048,0.9854122400283813,False
0.2,B0048,0.9827698469161987,False
0.01,B0048,0.9673463106155396,False
0.02,B0048,0.9673259258270264,False
0.05,B0048,0.9674562811851501,False
0.1,B0048,0.9672940969467163,False
0.2,B0048,0.9698893427848816,False
0.01,B0048,0.996991753578186,False
0.02,B0048,0.996979832649231,False
0.05,B0048,0.9969824552536011,False
0.1,B0048,0.9970085620880127,False
0.2,B0048,0.997287392616272,False
0.01,B0048,0.9869608283042908,False
0.02,B0048,0.9869756102561951,False
0.05,B0048,0.9868622422218323,False
0.1,B0048,0.9854627847671509,False
0.2,B0048,0.9854207038879395,False
0.01,B0048,0.9855583906173706,False
0.02,B0048,0.9856855869293213,False
0.05,B0048,0.9855380058288574,False
0.1,B0048,0.9843563437461853,False
0.2,B0048,0.9841103553771973,False
0.01,B0048,0.9838614463806152,False
0.02,B0048,0.9835647344589233,False
0.05,B0048,0.983881950378418,False
0.1,B0048,0.9832884073257446,False
0.2,B0048,0.9796284437179565,False
0.01,B0048,0.980117917060852,False
0.02,B0048,0.980040967464447,False
0.05,B0048,0.9802470803260803,False
0.1,B0048,0.9801290035247803,False
0.2,B0048,0.978922963142395,False
0.01,B0048,0.9852787852287292,False
0.02,B0048,0.985515296459198,False
0.05,B0048,0.9852733612060547,False
0.1,B0048,0.9854624271392822,False
0.2,B0048,0.9841254353523254,False
0.01,B0052,0.9812248945236206,False
0.02,B0052,0.9813182353973389,False
0.05,B0052,0.9813889265060425,False
0.1,B0052,0.979956865310669,False
0.2,B0052,0.9808950424194336,False
0.01,B0052,0.9813969731330872,False
0.02,B0052,0.9813349843025208,False
0.05,B0052,0.9816162586212158,False
0.1,B0052,0.9815993905067444,False
0.2,B0052,0.9297344088554382,False
0.01,B0052,0.964999794960022,False
0.02,B0052,0.9649910926818848,False
0.05,B0052,0.9651273488998413,False
0.1,B0052,0.9662118554115295,False
0.2,B0052,0.9594621658325195,False
0.01,B0052,0.9651890993118286,False
0.02,B0052,0.9651004076004028,False
0.05,B0052,0.9654285311698914,False
0.1,B0052,0.9661002159118652,False
0.2,B0052,0.9642251133918762,False
0.01,B0053,0.9963279962539673,False
0.02,B0053,0.9962807893753052,False
0.05,B0053,0.9965295791625977,False
0.1,B0053,0.9962785840034485,False
0.2,B0053,0.9973759651184082,False
0.01,B0053,0.9999253749847412,False
0.02,B0053,0.9998864531517029,False
0.05,B0053,0.9999261498451233,False
0.1,B0053,0.9999006390571594,False
0.2,B0053,0.999809205532074,False
0.01,B0053,0.9992460012435913,False
0.02,B0053,0.9992800354957581,False
0.05,B0053,0.9992494583129883,False
0.1,B0053,0.9991927146911621,False
0.2,B0053,0.9993511438369751,False
0.01,B0053,0.9998547434806824,False
0.02,B0053,0.9998446702957153,False
0.05,B0053,0.9998577833175659,False
0.1,B0053,0.9997576475143433,False
0.2,B0053,0.9995825290679932,False
0.01,B0053,0.999659538269043,False
0.02,B0053,0.9996496438980103,False
0.05,B0053,0.9996676445007324,False
0.1,B0053,0.9994816184043884,False
0.2,B0053,0.9994047284126282,False
0.01,B0053,0.9995283484458923,False
0.02,B0053,0.9995120167732239,False
0.05,B0053,0.9994957447052002,False
0.1,B0053,0.9994009733200073,False
0.2,B0053,0.9986445903778076,False
0.01,B0053,0.9969475865364075,False
0.02,B0053,0.9969457387924194,False
0.05,B0053,0.9969931840896606,False
0.1,B0053,0.9973306655883789,False
0.2,B0053,0.9950833916664124,False
0.01,B0053,0.9962206482887268,False
0.02,B0053,0.9961292147636414,False
0.05,B0053,0.9959359765052795,False
0.1,B0053,0.9961392879486084,False
0.2,B0053,0.9969736933708191,False
0.01,B0053,0.995074987411499,False
0.02,B0053,0.995040774345398,False
0.05,B0053,0.9950752258300781,False
0.1,B0053,0.9952646493911743,False
0.2,B0053,0.9941205978393555,False
0.01,B0053,0.9985808730125427,False
0.02,B0053,0.9986270666122437,False
0.05,B0053,0.9986433982849121,False
0.1,B0053,0.9985537528991699,False
0.2,B0053,0.997417688369751,False
0.01,B0053,0.9959725141525269,False
0.02,B0053,0.996001124382019,False
0.05,B0053,0.9959191083908081,False
0.1,B0053,0.995660662651062,False
0.2,B0053,0.9955366849899292,False
0.01,B0053,0.9994905591011047,False
0.02,B0053,0.9994954466819763,False
0.05,B0053,0.9995502829551697,False
0.1,B0053,0.9993748664855957,False
0.2,B0053,0.9993835687637329,False
0.01,B0053,0.9956845045089722,False
0.02,B0053,0.9957708120346069,False
0.05,B0053,0.9956916570663452,False
0.1,B0053,0.9957323670387268,False
0.2,B0053,0.9958664178848267,False
0.01,B0053,0.9948880076408386,False
0.02,B0053,0.9948970079421997,False
0.05,B0053,0.9948219656944275,False
0.1,B0053,0.9949642419815063,False
0.2,B0053,0.9949805736541748,False
0.01,B0053,0.998115062713623,False
0.02,B0053,0.9981032609939575,False
0.05,B0053,0.9980627298355103,False
0.1,B0053,0.9981868267059326,False
0.2,B0053,0.9981993436813354,False
0.01,B0053,0.995193600654602,False
0.02,B0053,0.9952185153961182,False
0.05,B0053,0.9949967861175537,False
0.1,B0053,0.9952175617218018,False
0.2,B0053,0.9952547550201416,False
0.01,B0053,0.9988037347793579,False
0.02,B0053,0.9987692832946777,False
0.05,B0053,0.9984358549118042,False
0.1,B0053,0.9987950325012207,False
0.2,B0053,0.9985419511795044,False
0.01,B0053,0.9952986240386963,False
0.02,B0053,0.9952940344810486,False
0.05,B0053,0.9951145648956299,False
0.1,B0053,0.9949370622634888,False
0.2,B0053,0.9953175187110901,False
0.01,B0053,0.9944440126419067,False
0.02,B0053,0.9943482279777527,False
0.05,B0053,0.9944741129875183,False
0.1,B0053,0.994204044342041,False
0.2,B0053,0.9944964647293091,False
0.01,B0053,0.9988978505134583,False
0.02,B0053,0.9988954663276672,False
0.05,B0053,0.9985021352767944,False
0.1,B0053,0.9979838132858276,False
0.2,B0053,0.993743360042572,False
0.01,B0053,0.9960339665412903,False
0.02,B0053,0.9960643649101257,False
0.05,B0053,0.9961097240447998,False
0.1,B0053,0.9955719709396362,False
0.2,B0053,0.9949554800987244,False
0.01,B0053,0.9978703260421753,False
0.02,B0053,0.9978682994842529,False
0.05,B0053,0.9976851344108582,False
0.1,B0053,0.9977353811264038,False
0.2,B0053,0.9982955455780029,False
0.01,B0053,0.9972666501998901,False
0.02,B0053,0.9972959756851196,False
0.05,B0053,0.9972993731498718,False
0.1,B0053,0.9969868659973145,False
0.2,B0053,0.9969150424003601,False
0.01,B0053,0.9955489635467529,False
0.02,B0053,0.995549201965332,False
0.05,B0053,0.9952635765075684,False
0.1,B0053,0.9955448508262634,False
0.2,B0053,0.9955849647521973,False
0.01,B0053,0.9964524507522583,False
0.02,B0053,0.9964756369590759,False
0.05,B0053,0.99647456407547,False
0.1,B0053,0.9963281154632568,False
0.2,B0053,0.9946166276931763,False
0.01,B0053,0.997105598449707,False
0.02,B0053,0.997116208076477,False
0.05,B0053,0.9970755577087402,False
0.1,B0053,0.995812177658081,False
0.2,B0053,0.9967677593231201,False
0.01,B0053,0.9951181411743164,False
0.02,B0053,0.9950399994850159,False
0.05,B0053,0.9950551986694336,False
0.1,B0053,0.994933009147644,False
0.2,B0053,0.9938798546791077,False
0.01,B0053,0.9975782632827759,False
0.02,B0053,0.9975652098655701,False
0.05,B0053,0.9975004196166992,False
0.1,B0053,0.9974964261054993,False
0.2,B0053,0.9963757991790771,False
0.01,B0053,0.9946309328079224,False
0.02,B0053,0.9945834279060364,False
0.05,B0053,0.9946413040161133,False
0.1,B0053,0.9946302175521851,False
0.2,B0053,0.9947120547294617,False
0.01,B0053,0.9954689145088196,False
0.02,B0053,0.9954818487167358,False
0.05,B0053,0.9952580332756042,False
0.1,B0053,0.9954808950424194,False
0.2,B0053,0.9954028129577637,False
0.01,B0053,0.995597779750824,False
0.02,B0053,0.9956086277961731,False
0.05,B0053,0.9955976009368896,False
0.1,B0053,0.9956148266792297,False
0.2,B0053,0.9967789649963379,False
0.01,B0053,0.9940634369850159,False
0.02,B0053,0.994052529335022,False
0.05,B0053,0.9940510392189026,False
0.1,B0053,0.994068443775177,False
0.2,B0053,0.9940786361694336,False
0.01,B0053,0.994179904460907,False
0.02,B0053,0.9941714406013489,False
0.05,B0053,0.9942408800125122,False
0.1,B0053,0.9940462112426758,False
0.2,B0053,0.9951342940330505,False
0.01,B0053,0.9969795346260071,False
0.02,B0053,0.9970967173576355,False
0.05,B0053,0.9970666766166687,False
0.1,B0053,0.9971708059310913,False
0.2,B0053,0.9971323013305664,False
0.01,B0053,0.9977495670318604,False
0.02,B0053,0.9977462291717529,False
0.05,B0053,0.9977487325668335,False
0.1,B0053,0.9978063106536865,False
0.2,B0053,0.996139645576477,False
0.01,B0053,0.9970996975898743,False
0.02,B0053,0.9970734119415283,False
0.05,B0053,0.9969901442527771,False
0.1,B0053,0.997113823890686,False
0.2,B0053,0.9962030649185181,False
0.01,B0053,0.994451642036438,False
0.02,B0053,0.9944343566894531,False
0.05,B0053,0.9944854378700256,False
0.1,B0053,0.9942522048950195,False
0.2,B0053,0.9950215816497803,False
0.01,B0053,0.9965482950210571,False
0.02,B0053,0.9965837597846985,False
0.05,B0053,0.996519923210144,False
0.1,B0053,0.994867742061615,False
0.2,B0053,0.9972766637802124,False
0.01,B0053,0.9938348531723022,False
0.02,B0053,0.993776261806488,False
0.05,B0053,0.9936553239822388,False
0.1,B0053,0.993663489818573,False
0.2,B0053,0.9923467040061951,False
0.01,B0053,0.9928256869316101,False
0.02,B0053,0.9928003549575806,False
0.05,B0053,0.9927997589111328,False
0.1,B0053,0.9915555715560913,False
0.2,B0053,0.992559015750885,False
0.01,B0053,0.9974339604377747,False
0.02,B0053,0.9974662065505981,False
0.05,B0053,0.9974802732467651,False
0.1,B0053,0.997309684753418,False
0.2,B0053,0.9981595277786255,False
0.01,B0053,0.9934126138687134,False
0.02,B0053,0.9934388995170593,False
0.05,B0053,0.9934425354003906,False
0.1,B0053,0.9930534362792969,False
0.2,B0053,0.9923339486122131,False
0.01,B0053,0.9981064796447754,False
0.02,B0053,0.9981145262718201,False
0.05,B0053,0.9981213808059692,False
0.1,B0053,0.998038113117218,False
0.2,B0053,0.9986122846603394,False
0.01,B0053,0.9986729025840759,False
0.02,B0053,0.9987460970878601,False
0.05,B0053,0.9986842274665833,False
0.1,B0053,0.9971449971199036,False
0.2,B0053,0.998724102973938,False
0.01,B0053,0.9949756860733032,False
0.02,B0053,0.9949779510498047,False
0.05,B0053,0.9950121641159058,False
0.1,B0053,0.9949758052825928,False
0.2,B0053,0.9914290308952332,False
0.01,B0053,0.9983526468276978,False
0.02,B0053,0.9982823133468628,False
0.05,B0053,0.998323917388916,False
0.1,B0053,0.998092770576477,False
0.2,B0053,0.9982226490974426,False
0.01,B0053,0.9957405924797058,False
0.02,B0053,0.995727002620697,False
0.05,B0053,0.9952850341796875,False
0.1,B0053,0.9955294132232666,False
0.2,B0053,0.9931809902191162,False
0.01,B0053,0.9943244457244873,False
0.02,B0053,0.9943299889564514,False
0.05,B0053,0.9943375587463379,False
0.1,B0053,0.9944906234741211,False
0.2,B0053,0.9953397512435913,False
0.01,B0053,0.9948990345001221,False
0.02,B0053,0.9949650764465332,False
0.05,B0053,0.994988739490509,False
0.1,B0053,0.9949454665184021,False
0.2,B0053,0.9948582649230957,False
0.01,B0053,0.9938963651657104,False
0.02,B0053,0.9938323497772217,False
0.05,B0053,0.9937618970870972,False
0.1,B0053,0.9935697913169861,False
0.2,B0053,0.9934383630752563,False
0.01,B0053,0.9959689378738403,False
0.02,B0053,0.9959567785263062,False
0.05,B0053,0.995694637298584,False
0.1,B0053,0.994773805141449,False
0.2,B0053,0.995866060256958,False
0.01,B0053,0.9939773678779602,False
0.02,B0053,0.9939340353012085,False
0.05,B0053,0.9939836263656616,False
0.1,B0053,0.9939739108085632,False
0.2,B0053,0.9951775074005127,False
0.01,B0053,0.9982300996780396,False
0.02,B0053,0.9981070160865784,False
0.05,B0053,0.9982020854949951,False
0.1,B0053,0.9980738162994385,False
0.2,B0053,0.9974819421768188,False
0.01,B0053,0.9974696636199951,False
0.02,B0053,0.9974438548088074,False
0.05,B0053,0.9972671270370483,False
0.1,B0053,0.9973945021629333,False
0.2,B0053,0.9973002672195435,False
0.01,B0053,0.992978036403656,False
0.02,B0053,0.9929386377334595,False
0.05,B0053,0.9928262829780579,False
0.1,B0053,0.9929827451705933,False
0.2,B0053,0.992642879486084,False
