epoch,train_mse,val_rmse,lr,epoch_time_sec
1,0.06881585558876395,0.18986907601356506,9.99314767377287e-05,33.275943756103516
2,0.012887813011184334,0.21023423969745636,9.972609476841367e-05,30.85863971710205
3,0.009500316577032208,0.1425008624792099,9.93844170297569e-05,30.93773341178894
4,0.007651857449673116,0.10610007494688034,9.89073800366903e-05,30.50109839439392
5,0.0070693558547645806,0.10920017957687378,9.829629131445343e-05,31.322501182556152
6,0.006354971835389733,0.13005433976650238,9.75528258147577e-05,31.00156021118164
7,0.005971065070480108,0.14122548699378967,9.66790213248601e-05,31.016915559768677
8,0.005286530777812004,0.15815652906894684,9.567727288213006e-05,34.95583367347717
9,0.004893327329773456,0.15508875250816345,9.455032620941841e-05,32.421406745910645
10,0.0050748609122820195,0.1467435210943222,9.330127018922197e-05,33.826168060302734
11,0.004926986992359161,0.1533980816602707,9.193352839727123e-05,31.4222629070282
12,0.0047619970282539725,0.14293068647384644,9.04508497187474e-05,26.952152729034424
13,0.004745464702136814,0.14688031375408173,8.885729807284857e-05,27.20282292366028
14,0.004341885633766651,0.14959092438220978,8.715724127386973e-05,27.03168249130249
15,0.004381534899584949,0.14295609295368195,8.53553390593274e-05,28.23276996612549
16,0.004378918092697859,0.1560482531785965,8.345653031794293e-05,27.598093032836914
17,0.003995025355834514,0.16582529246807098,8.146601955249189e-05,28.21610927581787
18,0.003767968970350921,0.16351090371608734,7.938926261462367e-05,27.313581228256226
19,0.0032047982327640056,0.16682124137878418,7.723195175075138e-05,27.80313205718994
